chain_id,contract_address,contract_name,first_mint_dt,extract_from_dt
1,0x7645eec8bb51862a5aa855c40971b2877dae81af,$LONDON Gift,2001-01-01,2026-01-01
1,0x4addca4c07a5e9a6b4973094d03ad5aae7735e5b,(B)APETAVERSE,2001-01-01,2026-01-01
1,0x3bf2922f4520a8ba0c2efc3d2a1539678dad5e9d,0N1 Force,2001-01-01,2026-01-01
1,0x30cdac3871c41a63767247c8d1a2de59f5714e78,0bits,2001-01-01,2026-01-01
1,0x22c08c358f62f35b742d023bf2faf67e30e5376e,0xApes,2001-01-01,2026-01-01
1,0x5b7622ded96511639ddc12c86eb2703331ca2c78,0xOG Pass by 0xStudio,2001-01-01,2026-01-01
1,0xc9e2c9718ff7d3129b9ac12168195507e4275cea,0xVampire,2001-01-01,2026-01-01
1,0x0427743df720801825a5c82e0582b1e915e0f750,0xmons,2001-01-01,2026-01-01
1,0x657fabdb226abc59227e02e94089afbc67a597fe,1 989 Sisters,2001-01-01,2026-01-01
1,0x0cfb5d82be2b949e8fa73a656df91821e2ad99fd,10KTF,2001-01-01,2026-01-01
1,0x572e33ffa523865791ab1c26b42a86ac244df784,10KTF Gucci Grail,2001-01-01,2026-01-01
1,0x7daec605e9e2a1717326eedfd660601e2753a057,10KTF Stockroom,2001-01-01,2026-01-01
1,0xc3ae6e60a37a5f7d6d68e60c45b1ae50da233bd4,10KTF: GUCCI GRAIL MINT PASS,2001-01-01,2026-01-01
1,0x7f72528229f85c99d8843c0317ef91f4a2793edf,1111 by Kevin Abosch,2001-01-01,2026-01-01
1,0xb4d06d46a8285f4ec79fd294f78a881799d8ced9,3Landers,2001-01-01,2026-01-01
1,0x36d30b3b85255473d27dd0f7fd8f35e36a9d6f06,888 inner circle,2001-01-01,2026-01-01
1,0x198478f870d97d62d640368d111b979d7ca3c38f,8SIAN,2001-01-01,2026-01-01
1,0x740c178e10662bbb050bde257bfa318defe3cabc,8liens NFT,2001-01-01,2026-01-01
1,0x569f26145f0c2fcc3da68395be3639009c53b6d8,A.N.I.M.O,2001-01-01,2026-01-01
1,0x64b6b4142d4d78e49d53430c1d3939f2317f9085,AINightbirds,2001-01-01,2026-01-01
1,0xf5c6376d88033cfa67a442893f77cbc27a563dd1,ALINFT,2001-01-01,2026-01-01
1,0x3db5463a9e2d04334192c6f2dd4b72def4751a61,ALPACADABRAZ,2001-01-01,2026-01-01
1,0xe39fb076bd6be0bbf400db0dfad28104fdc5ff46,ALPACADABRAZ 3D,2001-01-01,2026-01-01
1,0x05844e9ae606f9867ae2047c93cac370d54ab2e1,AO Art Ball,2001-01-01,2026-01-01
1,0xfb61bd914d4cd5509ecbd4b16a0f96349e52db3d,APE DAO REMIX!,2001-01-01,2026-01-01
1,0x26437d312fb36bdd7ac9f322a6d4ccfe0c4fa313,ASMAIFAAllStarsBoxSet,2001-01-01,2026-01-01
1,0x96be46c50e882dbd373081d08e0cde2b055adf6c,ASMAIFAAllStarsCharacter,2001-01-01,2026-01-01
1,0xd0318da435dbce0b347cc6faa330b5a9889e3585,ASMBrain,2001-01-01,2026-01-01
1,0xd73acd7f5099fdd910215dbff029185f21ffbcf0,Acrocalypse,2001-01-01,2026-01-01
1,0x7ab2352b1d2e185560494d5e577f9d3c238b78c5,Adam Bomb Squad,2001-01-01,2026-01-01
1,0xd2a077ec359d94e0a0b7e84435eacb40a67a817c,Admit One,2001-01-01,2026-01-01
1,0xf4ecc1c74d120649f6598c7a217abaffdf76cd4f,Age of Dino - Dinosty,2001-01-01,2026-01-01
1,0xfa7e3f898c80e31a3aedeae8b0c713a3f9666264,Akuma Origins,2001-01-01,2026-01-01
1,0xc1ad47aeb274157e24a5f01b5857830aef962843,Akumu Dragonz,2001-01-01,2026-01-01
1,0x94b6f3978b0a32f7fa0b15243e86af1aec23deb5,Akutar Mint Pass,2001-01-01,2026-01-01
1,0xaad35c2dadbe77f97301617d82e661776c891fa9,Akutars,2001-01-01,2026-01-01
1,0x392179031da3012dac321703a29e4c9fbd26316b,Al Cabones,2001-01-01,2026-01-01
1,0x47a00fc8590c11be4c419d9ae50dec267b6e24ee,Alien Frens Evolution,2001-01-01,2026-01-01
1,0x62d8ae32b0e6964d2126716cf3da70c2bd062d94,Alien Secret Society,2001-01-01,2026-01-01
1,0x8c5029957bf42c61d19a29075dc4e00b626e5022,Alpha Girl Club,2001-01-01,2026-01-01
1,0xdbcab7a768ea9a00b2ffa5a2eb387cad609e2114,Alpha Kongs Club,2001-01-01,2026-01-01
1,0x78a5e2b8c280fa5580fbe1e1ed546183f959d305,AlphaSharks NFT,2001-01-01,2026-01-01
1,0xf729f878f95548bc7f14b127c96089cf121505f8,Anata,2001-01-01,2026-01-01
1,0x96fc56721d2b79485692350014875b3b67cb00eb,Anatomy Science Ape Club,2001-01-01,2026-01-01
1,0x77640cf3f89a4f1b5ca3a1e5c87f3f5b12ebf87e,Angry Ape Army,2001-01-01,2026-01-01
1,0x74f1716a9f452dd36d945368d806cd491290b240,Angry Ape Army Evolution Collection,2001-01-01,2026-01-01
1,0x9546eeb89df8f010da4953c2ef456e282b3db25a,Angry Apes United,2001-01-01,2026-01-01
1,0x18df6c571f6fe9283b87f910e41dc5c8b77b7da5,Animetas,2001-01-01,2026-01-01
1,0xbad6186e92002e312078b5a1dafd5ddf63d3f731,Anonymice,2001-01-01,2026-01-01
1,0x4ad3785ec7eed7589fa86538244a4530f962434f,Antebellum Genesis Land,2001-01-01,2026-01-01
1,0x7e3ef31186d1bec0d3f35ad701d065743b84c790,Antonym: GENESIS,2001-01-01,2026-01-01
1,0x3ed7dfaca773b90da1bc3fa8b04656c917d33afb,Ape Invaders,2001-01-01,2026-01-01
1,0x47f3a38990ca12e39255e959f7d97fbe5906afd4,Ape Reunion,2001-01-01,2026-01-01
1,0x7a3b97a7400e44dadd929431a3640e4fc47daebd,Apes In Space,2001-01-01,2026-01-01
1,0xd44078705456c4f4517a659953f5296e5328f8b8,Apes-R-Us,2001-01-01,2026-01-01
1,0xf793a77e32a0e5c0cd28383e1e04bbc66ee52438,Apocalyptic Apes,2001-01-01,2026-01-01
1,0x4a8c9d751eeabc5521a68fb080dd7e72e46462af,Arcade Land,2001-01-01,2026-01-01
1,0xa0c38108bbb0f5f2fb46a2019d7314cce38f3f22,ArcadeNFT,2001-01-01,2026-01-01
1,0x059edd72cd353df5106d2b9cc5ab83a52287ac3a,Art Blocks,2001-01-01,2026-01-01
1,0x99a9b7c1116f9ceeb1652de04d5969cce509b069,Art Blocks,2001-01-01,2026-01-01
1,0xa7d8d9ef8d8ce8992df33d8b8cf4aebabd5bd270,Art Blocks Curated,2001-01-01,2026-01-01
1,0x60bb1e2aa1c9acafb4d34f71585d7e959f387769,Art Gobblers,2001-01-01,2026-01-01
1,0x3c76001c4d31c7f25a10235dda4ecddfe5e719f4,Art Wars,2001-01-01,2026-01-01
1,0xaa20f900e24ca7ed897c44d92012158f436ef791,ArtAI,2001-01-01,2026-01-01
1,0x496299d8497a02b01f5bc355298b0a831f06c522,Ascended NFT,2001-01-01,2026-01-01
1,0x4d232cd85294acd53ec03f4a57f57888c9ea1946,Ash Chapter Two: Metamorphosis,2001-01-01,2026-01-01
1,0xc143bbfcdbdbed6d454803804752a064a622c1f3,Async Blueprints,2001-01-01,2026-01-01
1,0xfb3765e0e7ac73e736566af913fa58c3cfd686b7,Audioglyphs,2001-01-01,2026-01-01
1,0xd4e4078ca3495de5b1d4db434bebc5a986197782,Autoglyphs,2001-01-01,2026-01-01
1,0xf3e778f839934fc819cfa1040aabacecba01e049,Avastars,2001-01-01,2026-01-01
1,0xdfacd840f462c27b0127fc76b63e7925bed0f9d5,Avid Lines,2001-01-01,2026-01-01
1,0xf36446105ff682999a442b003f2224bcb3d82067,Axolittles,2001-01-01,2026-01-01
1,0xed5af388653567af2f388e6224dc7c4b3241c544,Azuki,2001-01-01,2026-01-01
1,0x3af2a97414d1101e2107a70e7f33955da1346305,Azuki Elemental Beans,2001-01-01,2026-01-01
1,0xb6a37b5d14d502c3ab0ae6f3a0e058bc9517786e,Azuki Elementals,2001-01-01,2026-01-01
1,0x31385d3520bced94f77aae104b406994d8f2168c,BASTARD GAN PUNKS V2,2001-01-01,2026-01-01
1,0x809d8f2b12454fc07408d2479cf6dc701ecd5a9f,BBRC - IVY BOYS,2001-01-01,2026-01-01
1,0x48355ce6ba377d06335be9499feaf735948484bc,BEANS - Dumb Ways to Die,2001-01-01,2026-01-01
1,0x306b1ea3ecdf94ab739f1910bbda052ed4a9f949,BEANZ Official,2001-01-01,2026-01-01
1,0x72d47d4d24018ec9048a9b0ae226f1c525b7e794,BFF,2001-01-01,2026-01-01
1,0x33e1977d6593050520b1fe2d5c586376ad07046d,BVGARDEN,2001-01-01,2026-01-01
1,0x0616a2ef54bad0b37dce41c8d8e35cce17a926f3,BYOLand,2001-01-01,2026-01-01
1,0xbd275ce24f32d6ce4e9d9519c55abe9bc0ed7fcf,BYOPills,2001-01-01,2026-01-01
1,0xb5d2c3c5b6d3aa4dd406a36675ad77d5adb8dd9f,Bamboo Color,2001-01-01,2026-01-01
1,0xaa6612f03443517ced2bdcf27958c22353ceeab9,Bamboozlers,2001-01-01,2026-01-01
1,0xe27a60f3cf27f716ac998b61492a36090973aac7,BearGame,2001-01-01,2026-01-01
1,0xe22e1e620dffb03065cd77db0162249c0c91bf01,BearX,2001-01-01,2026-01-01
1,0x4bb33f6e69fd62cf3abbcc6f1f43b94a5d572c2b,Bears Deluxe,2001-01-01,2026-01-01
1,0xfeb56aaf59f8c17300f4d8306365a491b05b6602,Beeings,2001-01-01,2026-01-01
1,0xd92e44ac213b9ebda0178e1523cc0ce177b7fa96,Beeple Round 2 Open Edition,2001-01-01,2026-01-01
1,0xb1093f00dff1cbad4709ba7ce82c3dc9ad839c36,Beepos,2001-01-01,2026-01-01
1,0x5911a6da952a9d1b67be13cecb389ad247420360,Benji Bananas : Membership Pass,2001-01-01,2026-01-01
1,0xc6f2efee7c6bb7a315e9f3c9afa455b4aa548023,Big Cats,2001-01-01,2026-01-01
1,0x8d04a8c79ceb0889bdd12acdf3fa9d207ed3ff63,Blitmap,2001-01-01,2026-01-01
1,0x4f8730e0b32b04beaa5757e5aea3aef970e5b613,Bloot,2001-01-01,2026-01-01
1,0x83b070e842adba2397113c4bca70c00d7df00729,Blvck Genesis,2001-01-01,2026-01-01
1,0x2079812353e2c9409a788fbf5f383fa62ad85be8,Bobu the Bean Farmer,2001-01-01,2026-01-01
1,0x248139afb8d3a2e16154fbe4fb528a3a214fd8e7,Boki - NFT,2001-01-01,2026-01-01
1,0x4cd0ea8b1bdb5ab9249d96ccf3d8a0d3ada2bc76,Boonji Project,2001-01-01,2026-01-01
1,0x22c36bfdcef207f9c0cc941936eff94d4246d14a,Bored Ape Chemistry Club,2001-01-01,2026-01-01
1,0xba30e5f9bb24caa003e9f2f0497ad287fdf95623,Bored Ape Kennel Club,2001-01-01,2026-01-01
1,0xbc4ca0eda7647a8ab7c2061c2e118a18a936f13d,Bored Ape Yacht Club,2001-01-01,2026-01-01
1,0x9372b371196751dd2f603729ae8d8014bbeb07f6,Bored Bunny,2001-01-01,2026-01-01
1,0xf621b26ce64ed28f42231bcb578a8089f7958372,Bored Mummy Waking Up,2001-01-01,2026-01-01
1,0x370108cf39555e561353b20ecf1eaae89beb72ce,Borpacasso,2001-01-01,2026-01-01
1,0xb5c747561a185a146f83cfff25bdfd2455b31ff4,Boss Beauties,2001-01-01,2026-01-01
1,0xdfde78d2baec499fe18f2be74b6c287eed9511d7,BrainDrops,2001-01-01,2026-01-01
1,0x9eeeaf684e228c2d5c89435e010acc02c41dc86b,Bricktopians,2001-01-01,2026-01-01
1,0xd31fc221d2b0e0321c43e9f6824b26ebfff01d7d,Brotchain,2001-01-01,2026-01-01
1,0xa5ae87b40076745895bb7387011ca8de5fde37e0,Bubblegum Kids,2001-01-01,2026-01-01
1,0xdd69da9a83cedc730bc4d3c56e96d29acc05ecde,BuildABetterFuture,2001-01-01,2026-01-01
1,0x3a8778a58993ba4b941f85684d74750043a4bb5f,BullsOnTheBlock,2001-01-01,2026-01-01
1,0x91cc3844b8271337679f8c00cb2d238886917d40,Bunny Buddies,2001-01-01,2026-01-01
1,0x6fd053bff10512d743fa36c859e49351a4920df6,C-01 Official Collection,2001-01-01,2026-01-01
1,0xf1536ab2dd1fc1da5d77fec3ce29537f6ef0634b,C86 Cyborg,2001-01-01,2026-01-01
1,0x22ea131efcaf8ccf036a48f20025313d0db01117,CHuBBiT_Official_Collection_V2,2001-01-01,2026-01-01
1,0xe4cfae3aa41115cb94cff39bb5dbae8bd0ea9d41,COVIDPunks,2001-01-01,2026-01-01
1,0x7eaa96d48380802a75ed6d74b91e2b30c3d474c1,CPG Pop: by Crypto Packaged GOODS,2001-01-01,2026-01-01
1,0x19bb64b80cbf61e61965b0e5c2560cc7364c6546,CREYZIES,2001-01-01,2026-01-01
1,0x7cae7b9b9a235d1d94102598e1f23310a0618914,CROAKZ,2001-01-01,2026-01-01
1,0xc1922a5abfa18110827c0666b7bbac0389ab7396,CakedApes,2001-01-01,2026-01-01
1,0xfcb1315c4273954f74cb16d5b663dbf479eec62e,Capsule,2001-01-01,2026-01-01
1,0x86c35fa9665002c08801805280ff6a077b23c98a,CatBlox Genesis Collection,2001-01-01,2026-01-01
1,0x9e8b85dbb082255bd81c5b25323b694bc799a616,Cereal Club,2001-01-01,2026-01-01
1,0x97597002980134bea46250aa0510c9b90d87a587,Chain Runners,2001-01-01,2026-01-01
1,0xe573b99ffd4df2a82ea0986870c33af4cb8a5589,Chain/Saw,2001-01-01,2026-01-01
1,0x93a796b1e846567fe3577af7b7bb89f71680173a,ChainFaces Arena,2001-01-01,2026-01-01
1,0x97a923ed35351a1382e6bcbb5239fc8d93360085,Champions,2001-01-01,2026-01-01
1,0x13d15d8b7b2bf48cbaf144c5c50e67b6b635b5cd,Champions Ascension,2001-01-01,2026-01-01
1,0x38a6fd7148c4900338e903258b5e289dfa995e2e,Champs Only,2001-01-01,2026-01-01
1,0x34eebee6942d8def3c125458d1a86e0a897fd6f9,Checks - VV Edition,2001-01-01,2026-01-01
1,0x036721e5a769cc48b3189efbb9cce4471e8a48b1,Checks - VV Originals,2001-01-01,2026-01-01
1,0xa3b7cee4e082183e69a03fc03476f28b12c545a7,Chill Frogs,2001-01-01,2026-01-01
1,0x80336ad7a747236ef41f47ed2c7641828a480baa,Chimpers,2001-01-01,2026-01-01
1,0xf3ae416615a4b7c0920ca32c2dfebf73d9d61514,ChiptoPunks,2001-01-01,2026-01-01
1,0x65b28ed75c12d8ce29d892de9f8304a6d2e176a7,ChubbyKaijuDAO,2001-01-01,2026-01-01
1,0x7eef591a6cc0403b9652e98e88476fe1bf31ddeb,CityDAO Citizenship,2001-01-01,2026-01-01
1,0x8630cdeaa26d042f0f9242ca30229b425e7f243f,Claylings,2001-01-01,2026-01-01
1,0x5c3cc8d8f5c2186d07d0bd9e5b463dca507b1708,Clementines Nightmare,2001-01-01,2026-01-01
1,0x49cf6f5d44e70224e2e23fdcdd2c053f30ada28b,CloneX,2001-01-01,2026-01-01
1,0xcefc0a83564dd2a083b83b4a73bbae97e40fa7ea,Coalition Crew 2.0,2001-01-01,2026-01-01
1,0xfe8c6d19365453d26af321d0e8c910428c23873f,Cold Blooded Creepz,2001-01-01,2026-01-01
1,0x60f3680350f65beb2752788cb48abfce84a4759e,Colorglyphs,2001-01-01,2026-01-01
1,0x03ef30e1aee25abd320ad961b8cd31aa1a011c97,ConiunPass,2001-01-01,2026-01-01
1,0x9c38bc76f282eb881a387c04fb67e9fc60aecf78,Coodles,2001-01-01,2026-01-01
1,0x1a92f7381b9f03921564a437210bb9396471050c,Cool Cats,2001-01-01,2026-01-01
1,0x716039ab9ce2780e35450b86dc6420f22460c380,Cool Monkes,2001-01-01,2026-01-01
1,0x86c10d10eca1fca9daf87a279abccabe0063f247,Cool Pets,2001-01-01,2026-01-01
1,0xa5c0bd78d1667c13bfb403e2a3336871396713c5,CoolmansUniverse,2001-01-01,2026-01-01
1,0x5bdf397bb2912859dbd8011f320a222f79a28d2e,Corruptions,2001-01-01,2026-01-01
1,0xc657c2a3bd558716b3f6b843ef09c0fc628e4977,Cosmic Cats Official,2001-01-01,2026-01-01
1,0x96316355c44be69414756d6706c61e61aecbd5f3,Cosmic Labs,2001-01-01,2026-01-01
1,0x01fe2358cc2ca3379cb5ed11442e85881997f22c,Cosmic Wyverns,2001-01-01,2026-01-01
1,0x2c4929295042cb95ab1900d323d634ee8def3c7a,Cosmodinos Omega,2001-01-01,2026-01-01
1,0x86f6bf16f495afc065da4095ac12ccd5e83a8c85,Crazy Lizard Army,2001-01-01,2026-01-01
1,0xc92ceddfb8dd984a89fb494c376f9a48b999aafc,Creature World,2001-01-01,2026-01-01
1,0xa4631a191044096834ce65d1ee86b16b171d8080,CreatureToadz,2001-01-01,2026-01-01
1,0xf3ec2d6394fc899a5dc1823a205670ebb30939cc,Creepz Invasion Pass,2001-01-01,2026-01-01
1,0xf1083e064f92db0561fd540f982cbf73a4e2f8f6,Creepz Shapeshifters,2001-01-01,2026-01-01
1,0x5946aeaab44e65eb370ffaa6a7ef2218cff9b47d,Creepz by OVERLORD,2001-01-01,2026-01-01
1,0x8ffb9b504d497e4000967391e70d542b8cc6748a,Critterz,2001-01-01,2026-01-01
1,0x469823c7b84264d1bafbcd6010e9cdf1cac305a3,Crypto Bull Society,2001-01-01,2026-01-01
1,0x80a4b80c653112b789517eb28ac111519b608b19,Crypto Cannabis Club,2001-01-01,2026-01-01
1,0x1981cc36b59cffdd24b01cc5d698daa75e367e04,Crypto Chicks,2001-01-01,2026-01-01
1,0x5180db8f5c931aae63c74266b211f580155ecac8,Crypto Coven,2001-01-01,2026-01-01
1,0xd153f0014db6d1f339c6340d2c9f59214355d9d7,Crypto Hobos,2001-01-01,2026-01-01
1,0x7dd04448c6cd405345d03529bff9749fd89f8f4f,Crypto-Pills by Micha Klein,2001-01-01,2026-01-01
1,0xc8adfb4d437357d0a656d4e62fd9a6d22e401aa0,CryptoBatz by Ozzy Osbourne,2001-01-01,2026-01-01
1,0xa74e199990ff572a320508547ab7f44ea51e6f28,CryptoBeasts,2001-01-01,2026-01-01
1,0xecdd2f733bd20e56865750ebce33f17da0bee461,CryptoDads,2001-01-01,2026-01-01
1,0x42069abfe407c60cf4ae4112bedead391dba1cdb,CryptoDickbutts S3,2001-01-01,2026-01-01
1,0xa9fdb3f96fae7c12d70393659867c6115683ada0,CryptoFoxes,2001-01-01,2026-01-01
1,0x5754f44bc96f9f0fe1a568253452a3f40f5e9f59,CryptoHoots Steampunk Parliament,2001-01-01,2026-01-01
1,0x066f2d5ead7951f0d0038c19affd500b9f02c0e5,CryptoJanky,2001-01-01,2026-01-01
1,0x1a2f71468f656e97c2f86541e57189f59951efe7,CryptoMories,2001-01-01,2026-01-01
1,0x845a007d9f283614f403a24e3eb3455f720559ca,CryptoNinja Partners,2001-01-01,2026-01-01
1,0xc1caf0c19a8ac28c41fe59ba6c754e4b9bd54de9,CryptoSkulls,2001-01-01,2026-01-01
1,0xccee4d557588e982ecf3a2391d718c76589d8af9,CryptoZoo Base Egg,2001-01-01,2026-01-01
1,0x031920cc2d9f5c10b444fd44009cd64f829e7be2,CryptoZunks,2001-01-01,2026-01-01
1,0x1cb1a5e65610aeff2551a50f76a87a7d3fb649c6,Cryptoadz,2001-01-01,2026-01-01
1,0x0322f6f11a94cfb1b5b6e95e059d8deb2bf17d6a,CryptoonGoonz,2001-01-01,2026-01-01
1,0x8d4e2435c262eb6df10e5e4672a8f07e42d8d67e,Cryptorayrays,2001-01-01,2026-01-01
1,0x8cd8155e1af6ad31dd9eec2ced37e04145acfcb3,Cupcat NFT,2001-01-01,2026-01-01
1,0x73da73ef3a6982109c4d5bdb0db9dd3e3783f313,Curio.Cards,2001-01-01,2026-01-01
1,0x226bf5293692610692e2c996c9875c914d2a7f73,Cyber Factory 2,2001-01-01,2026-01-01
1,0x892848074ddea461a15f337250da3ce55580ca85,CyberBrokers,2001-01-01,2026-01-01
1,0x57a204aa1042f6e66dd7730813f4024114d74f37,CyberKongz,2001-01-01,2026-01-01
1,0x7ea3cca10668b8346aec0bf1844a49e995527c8b,CyberKongz VX,2001-01-01,2026-01-01
1,0xdda32aabbbb6c44efc567bac5f7c35f185338456,Cypher,2001-01-01,2026-01-01
1,0x19b86299c21505cdf59ce63740b240a9c822b5e4,DEGEN TOONZ COLLECTION,2001-01-01,2026-01-01
1,0xad4d85257c815a4b2c7088a664e958b035b24323,DEZUKI,2001-01-01,2026-01-01
1,0x8707276df042e89669d69a177d3da7dc78bd8723,DOPE,2001-01-01,2026-01-01
1,0x2d0ee46b804f415be4dc8aa1040834f5125ebd2e,Dapper Dinos,2001-01-01,2026-01-01
1,0x32895105b3a65da694c63a3f5f7347d5ebf07f07,DarkSuperBunnies,2001-01-01,2026-01-01
1,0x8821bee2ba0df28761afff119d66390d594cd280,DeGods,2001-01-01,2026-01-01
1,0x2acab3dea77832c09420663b0e1cb386031ba17b,DeadFellaz,2001-01-01,2026-01-01
1,0x090f688f0c11a8671c47d833af3cf965c30d3c35,DeadFrenz Pass,2001-01-01,2026-01-01
1,0x6fc355d4e0ee44b292e50878f49798ff755a5bbc,DeadHeads,2001-01-01,2026-01-01
1,0x920a8d9e9f0defd6f86e4388a5503b04cac83b57,Deadfrenz Collection,2001-01-01,2026-01-01
1,0xd754937672300ae6708a51229112de4017810934,Deafbeef V2,2001-01-01,2026-01-01
1,0xf87e31492faf9a91b02ee0deaad50d51d56d5d4d,Decentraland,2001-01-01,2026-01-01
1,0xc5e55e4bd5fef12831b5a666fc9e391538acdc45,DentedFeelsNFT,2001-01-01,2026-01-01
1,0xf1268733c6fb05ef6be9cf23d24436dcd6e0b35e,Desperate ApeWives,2001-01-01,2026-01-01
1,0xd1258db6ac08eb0e625b75b371c023da478e94a9,DigiDaigaku Genesis,2001-01-01,2026-01-01
1,0x82f5ef9ddc3d231962ba57a9c2ebb307dc8d26c2,Dippies,2001-01-01,2026-01-01
1,0xc631164b6cb1340b5123c9162f8558c866de1926,Divine Anarchy,2001-01-01,2026-01-01
1,0xa5c807a62cd6774d6bf518dd2dec0ae17446ad8d,Do Not Buy! (Old Contract),2001-01-01,2026-01-01
1,0x73883743dd9894bd2d43e975465b50df8d3af3b2,Doge Pound Puppies,2001-01-01,2026-01-01
1,0x68f4ba8018216542ac2ab8125166be66304dd71c,Dolce&Gabbana: DGFamily Glass Box,2001-01-01,2026-01-01
1,0x8a90cab2b38dba80c64b7734e58ee1db38b8992e,Doodles,2001-01-01,2026-01-01
1,0x466cfcd0525189b573e794f554b8a751279213ac,Dooplicator,2001-01-01,2026-01-01
1,0x8d609bd201beaea7dccbfbd9c22851e23da68691,DourDarcels,2001-01-01,2026-01-01
1,0x0beed7099af7514ccedf642cfea435731176fb02,DuskBreakers,2001-01-01,2026-01-01
1,0x648e8428e0104ec7d08667866a3568a72fe3898f,DystoApez,2001-01-01,2026-01-01
1,0xbea8123277142de42571f1fac045225a1d347977,DystoPunks V2,2001-01-01,2026-01-01
1,0xddb149ae8e6635df01a530da1e46921bd78dc385,ESSENCE//,2001-01-01,2026-01-01
1,0x8cdbd7010bd197848e95c1fd7f6e870aac9b0d3c,Echo of Intensity by Per Kristian Stoveland,2001-01-01,2026-01-01
1,0x9eeaecbe2884aa7e82f450e3fc174f30fc2a8de3,Edenhorde,2001-01-01,2026-01-01
1,0x6080b6d2c02e9a0853495b87ce6a65e353b74744,EightBit Me,2001-01-01,2026-01-01
1,0x9ee36cd3e78badcaf0cbed71c824bd8c5cb65a8c,Elderly Ape Retirement Club,2001-01-01,2026-01-01
1,0xc9677cd8e9652f1b1aadd3429769b0ef8d7a0425,Elemental by Fang Lijun,2001-01-01,2026-01-01
1,0x5eaeadda470245343249452e744e423f489abbc4,Elftown.wtf,2001-01-01,2026-01-01
1,0xafb44cef938b1be600a4331bf9904f6cec2fcac3,EllioTrades NFT Collection,2001-01-01,2026-01-01
1,0x9940bb667f64fca06fc4127861855696def7c69d,Elysium Code,2001-01-01,2026-01-01
1,0x82c7a8f707110f5fbb16184a5933e9f78a34c6ab,Emblem Vault V2,2001-01-01,2026-01-01
1,0x97ca7fe0b0288f5eb85f386fed876618fb9b8ab8,Ether Cards Founder,2001-01-01,2026-01-01
1,0x3abedba3052845ce3f57818032bfa747cded3fca,Ether Orcs Genesis,2001-01-01,2026-01-01
1,0x62674b8ace7d939bb07bea6d32c55b74650e0eaa,EtherOrcs Allies,2001-01-01,2026-01-01
1,0x57f1887a8bf19b14fc0df6fd9b2acc9af147ea85,Ethereum Name Service (ENS),2001-01-01,2026-01-01
1,0x16de9d750f4ac24226154c40980ef83d4d3fd4ad,Ethlizards,2001-01-01,2026-01-01
1,0x8754f54074400ce745a7ceddc928fb1b7e985ed6,EulerBeats,2001-01-01,2026-01-01
1,0x9a38dec0590abc8c883d72e52391090e948ddf12,Everai Heroes: Duo,2001-01-01,2026-01-01
1,0x8a6e948a30ee8cb1391712710c1c59be553ab008,EvoSnails,2001-01-01,2026-01-01
1,0x0d0167a823c6619d430b1a96ad85b888bcf97c37,ExpansionPunks,2001-01-01,2026-01-01
1,0x8bf2f876e2dcd2cae9c3d272f325776c82da366d,Extension Loot,2001-01-01,2026-01-01
1,0xc633787348f652611c3166209d1fc4cd82b30ada,FEWO WORLD by FEWOCiOUS x RTFKT,2001-01-01,2026-01-01
1,0x06911466341299d79e9e1368a016c73d009691cc,FEWOCiOUS x FewoWorld: Paint,2001-01-01,2026-01-01
1,0x2250d7c238392f4b575bb26c672afe45f0adcb75,FEWOCiOUS x RTFKT,2001-01-01,2026-01-01
1,0xccc441ac31f02cd96c153db6fd5fe0a2f4e6a68d,FLUF,2001-01-01,2026-01-01
1,0xe51aac67b09eaed6d3d43e794d6bae679cbe09d8,FLUF World: Burrows,2001-01-01,2026-01-01
1,0x1afef6b252cc35ec061efe6a9676c90915a73f18,FLUF World: Thingies,2001-01-01,2026-01-01
1,0x818a19a6d3f0859b68e8490a6e945a51060caad1,FOMO MOFOS,2001-01-01,2026-01-01
1,0x7ecb204fed7e386386cab46a1fcb823ec5067ad5,FULL SEND METACARD,2001-01-01,2026-01-01
1,0x10cdcb5a80e888ec9e9154439e86b911f684da7b,FVCK_AVATAR//,2001-01-01,2026-01-01
1,0x7afeda4c714e1c0a2a1248332c100924506ac8e6,FVCK_CRYSTAL//,2001-01-01,2026-01-01
1,0xf3e6dbbe461c6fa492cea7cb1f5c5ea660eb1b47,FameLadySquad,2001-01-01,2026-01-01
1,0x87084ec881d5a15c918057f326790db177d218f2,Fancy Bears,2001-01-01,2026-01-01
1,0x9d418c2cae665d877f909a725402ebd3a0742844,Fang Gang,2001-01-01,2026-01-01
1,0x5c1a0cc6dadf4d0fb31425461df35ba80fcbc110,Farm Land by Pixels,2001-01-01,2026-01-01
1,0xbda2481db91fc0f942ed3f53de378ba45ba9d17e,Farmer,2001-01-01,2026-01-01
1,0xf3114dd5c5b50a573e66596563d15a630ed359b4,Fat Ape Club,2001-01-01,2026-01-01
1,0x0bb3e1c80c0ffde985fb0ec6392aa18a1d2de40e,Fatales,2001-01-01,2026-01-01
1,0xacfa101ece167f1894150e090d9471aee2dd3041,Feline Fiendz NFT,2001-01-01,2026-01-01
1,0x7a15b36cb834aea88553de69077d3777460d73ac,Feral File - Unsupervised,2001-01-01,2026-01-01
1,0x3ca5b00ade54365fbd590d4bc397e044a13068e5,Feudalz,2001-01-01,2026-01-01
1,0x87e738a3d5e5345d6212d8982205a564289e6324,Fighter,2001-01-01,2026-01-01
1,0xc9cb0fee73f060db66d2693d92d75c825b1afdbf,First,2001-01-01,2026-01-01
1,0x63fa29fec10c997851ccd2466dad20e51b17c8af,Fishy Fam,2001-01-01,2026-01-01
1,0x2efa07cac3395599db83035d196f2a0e7263f766,FlowerGirls,2001-01-01,2026-01-01
1,0x31d4da52c12542ac3d6aadba5ed26a3a563a86dc,Fly Frogs,2001-01-01,2026-01-01
1,0xc9d8f15803c645e98b17710a0b6593f097064bef,Flyfish Club,2001-01-01,2026-01-01
1,0x521f9c7505005cfa19a8e5786a9c3c9c9f5e6f42,ForgottenRunesWizardsCult,2001-01-01,2026-01-01
1,0x47e22659d9ae152975e6cbfa2eed5dc8b75ac545,Fortune Media,2001-01-01,2026-01-01
1,0x7cba74d0b16c8e18a9e48d3b7404d7739bb24f23,FoxFam,2001-01-01,2026-01-01
1,0x322f5577807185adaf3fa6512a7ccbbc32670c55,FoxGame,2001-01-01,2026-01-01
1,0x51f0c1938b0e67cafc7a6fc8eb6edd7fdbe002bc,Fragments By James Jean,2001-01-01,2026-01-01
1,0xbc17cd7f1a58bda5d6181618090813b3050416b5,Framergence,2001-01-01,2026-01-01
1,0x1fec856e25f757fed06eb90548b0224e91095738,FrankenPunks,2001-01-01,2026-01-01
1,0x01f74df24e81c8ae5eb1ff6642283c10e022fb56,FriendsWithYou,2001-01-01,2026-01-01
1,0x942bc2d3e7a589fe5bd4a5c6ef9727dfd82f5c8a,Friendship Bracelets by Alexis Andre,2001-01-01,2026-01-01
1,0x236672ed575e1e479b8e101aeeb920f32361f6f9,Frontier,2001-01-01,2026-01-01
1,0x2d004b72d8b7d36f9da2e4a14516618bf53bac57,Furballs,2001-01-01,2026-01-01
1,0xea6504ba9ec2352133e6a194bb35ad4b1a3b68e7,FusionApe,2001-01-01,2026-01-01
1,0x1ca39c7f0f65b4da24b094a9afac7acf626b7f38,GEN.ART,2001-01-01,2026-01-01
1,0xd8a5d498ab43ed060cb6629b97a19e3e4276dd9f,GENE_SIS: The Girls of Armament,2001-01-01,2026-01-01
1,0x589b89164ce781475df59db280b42b13a640100d,GFT Atari 50th Anniversary,2001-01-01,2026-01-01
1,0xa1de9f93c56c290c48849b1393b09eb616d55dbb,GNSS Art by MGXS,2001-01-01,2026-01-01
1,0xa6a5ec7b1b8a34ff2dcb2926b7c78f52a5ce3b90,GNSS by MGXS,2001-01-01,2026-01-01
1,0x3eacf2d8ce91b35c048c6ac6ec36341aae002fb9,GOATz,2001-01-01,2026-01-01
1,0x12d2d1bed91c24f878f37e66bd829ce7197e4d14,Galactic Apes,2001-01-01,2026-01-01
1,0xa08126f5e1ed91a635987071e6ff5eb2aeb67c48,GalaxyEggs,2001-01-01,2026-01-01
1,0x3702f4c46785bbd947d59a2516ac1ea30f2babf2,GalaxyFightClub,2001-01-01,2026-01-01
1,0x90ca8a3eb2574f937f514749ce619fdcca187d45,Gambling Apes,2001-01-01,2026-01-01
1,0x74ecb5f64363bd663abd3ef08df75dd22d853bfc,Gauntlets,2001-01-01,2026-01-01
1,0xff796cbbe32b2150a4585a3791cadb213d0f35a3,Gear,2001-01-01,2026-01-01
1,0xbe9371326f91345777b04394448c23e2bfeaa826,Gemesis,2001-01-01,2026-01-01
1,0x369156da04b6f313b532f7ae08e661e402b1c2f2,Gen-F,2001-01-01,2026-01-01
1,0x18487d2cac946c7fe800855c4039aac210f68baa,GenerativeDungeon,2001-01-01,2026-01-01
1,0x80416304142fa37929f8a4eee83ee7d2dac12d7c,Generativemasks,2001-01-01,2026-01-01
1,0xe70da20a2b10d60ca620a4e494fe2b37c9499e97,GenesisApostle,2001-01-01,2026-01-01
1,0x209e639a0ec166ac7a1a4ba41968fa967db30221,Genuine Undead,2001-01-01,2026-01-01
1,0xa74ae2c6fca0cedbaef30a8ceef834b247186bcf,Gh0stly Gh0sts,2001-01-01,2026-01-01
1,0xdf3407636bbf3a015a8e48a079ef7ba49e687fd3,GhostsProject,2001-01-01,2026-01-01
1,0x4f7e2a72a99d45f4fd5a2fc211f8dc5c36a049bd,Girlies,2001-01-01,2026-01-01
1,0xe6d48bf4ee912235398b96e16db6f310c21e82cb,God Hates NFTees,2001-01-01,2026-01-01
1,0x0e3a2a1f2146d86a604adc220b4967a898d7fe07,Gods Unchained,2001-01-01,2026-01-01
1,0x66fca7555cd481545a5e66ba9a2bec1e256f98e7,GoldHunter,2001-01-01,2026-01-01
1,0xb8ea78fcacef50d41375e44e6814ebba36bb33c4,Good Vibes Club,2001-01-01,2026-01-01
1,0x15a2d6c2b4b9903c27f50cb8b32160ab17f186e2,Goofy Oversized Optics People,2001-01-01,2026-01-01
1,0x18cd9fda7d584401d04e30bf73fb0013efe65bb0,Gooniez Gang,2001-01-01,2026-01-01
1,0x8442dd3e5529063b43c69212d64d5ad67b726ea6,Goons,2001-01-01,2026-01-01
1,0x2dff22dcb59d6729ed543188033ce102f14ef0d1,Goopdoods by Goopdude - Official Collection,2001-01-01,2026-01-01
1,0x3bf447963c8d8bdf06751528de40efb0849f3037,GossApeGirl,2001-01-01,2026-01-01
1,0xc7c962e44316e0c052448a0fdd1da15ea24fa9a9,Gossamer Seed,2001-01-01,2026-01-01
1,0xb6329bd2741c4e5e91e26c4e653db643e74b2b19,Grails by PROOF Collective,2001-01-01,2026-01-01
1,0x656b9e24de2e41a94a7dbbaeb3937777cf34e448,Grandpa Ape Country Club,2001-01-01,2026-01-01
1,0x8d4100897447d173289560bc85c5c432be4f44e4,Gray Boys,2001-01-01,2026-01-01
1,0x4f89cd0cae1e54d98db6a80150a824a533502eea,Groupies,2001-01-01,2026-01-01
1,0x62cdaf466511888792c8c413239baa70f57f1654,Guardians of the Metaverse,2001-01-01,2026-01-01
1,0x950b9476a4de757bb134483029ac4ec17e739e3a,Gutter Birds,2001-01-01,2026-01-01
1,0xedb61f74b0d09b2558f1eeb79b247c1f363ae452,Gutter Cat Gang,2001-01-01,2026-01-01
1,0x41f20599e9e049004c4d169046eb7023117a6244,Gutter Clones,2001-01-01,2026-01-01
1,0x6e9da81ce622fb65abf6a8d8040e460ff2543add,Gutter Dogs,2001-01-01,2026-01-01
1,0x092bbc993042a69811d23feb0e64e3bfa0920c6a,Gutter Juice,2001-01-01,2026-01-01
1,0x1897d69cc0088d89c1e94889fbd2efffcefed778,Gutter Passes,2001-01-01,2026-01-01
1,0xd7b397edad16ca8111ca4a3b832d0a5e3ae2438c,Gutter Rats,2001-01-01,2026-01-01
1,0x34b4df75a17f8b3a6eff6bba477d39d701f5e92c,G'EVOLs,2001-01-01,2026-01-01
1,0x7887f40763ace5f0e8320181fd5b42776d35b1ff,HAKI NFT,2001-01-01,2026-01-01
1,0x4db1f25d3d98600140dfc18deb7515be5bd293af,HAPE PRIME,2001-01-01,2026-01-01
1,0x3bf99d504e67a977f88b417ab68d34915f3a1209,HENI: Damien Hirst - The Empresses,2001-01-01,2026-01-01
1,0xf55dd62034b534e71cb17ef6e2bb112e93d6131a,HIDDEN IN NOISE,2001-01-01,2026-01-01
1,0x40cf6a63c35b6886421988871f6b74cc86309940,HOWLERZ,2001-01-01,2026-01-01
1,0x9ca8887d13bc4591ae36972702fdf9de2c97957f,HUXLEY Comics,2001-01-01,2026-01-01
1,0x4b15a9c28034dc83db40cd810001427d3bd7163d,HV-MTL,2001-01-01,2026-01-01
1,0x8d9710f0e193d3f95c0723eaaf1a81030dc9116d,HYTOPIA Worlds,2001-01-01,2026-01-01
1,0x8a1bbef259b00ced668a8c69e50d92619c672176,Habbo Avatars,2001-01-01,2026-01-01
1,0x98a0227e99e7af0f1f0d51746211a245c3b859c2,Habibiz,2001-01-01,2026-01-01
1,0xd4048be096f969f51fd5642a9c744ec2a7eb89fe,HalloweenBears,2001-01-01,2026-01-01
1,0xc2c747e0f7004f9e8817db2ca4997657a7746928,Hashmasks,2001-01-01,2026-01-01
1,0xf62c6a8e7bcdc96cda11bd765b40afa9ffc19ab9,HeadDAO,2001-01-01,2026-01-01
1,0x80adb36595239fe918c7d118c1f81e07d070801a,HeavenComputer,2001-01-01,2026-01-01
1,0xf0d2d631a24db247f5eb0421fa3e6a169c72565f,Hedgies by dYdX,2001-01-01,2026-01-01
1,0x966731dfd9b9925dd105ff465687f5aa8f54ee9f,Hero,2001-01-01,2026-01-01
1,0xd77e17ecc3942b6e83f67c56999c5230c70a85a4,Hero Galaxy: Heroes,2001-01-01,2026-01-01
1,0x01ea0a1c4cf5d6d948320ff16b1b6b972626e599,Hikari Official,2001-01-01,2026-01-01
1,0x14e0a1f310e2b7e321c91f58847e98b8c802f6ef,HypeBears,2001-01-01,2026-01-01
1,0x3f93d710ff8c449ea300ad69412e7b8f289a2954,I Like You You're Weird,2001-01-01,2026-01-01
1,0x80f1ed6a1ac694317dc5719db099a440627d1ea7,IKB Cachet de Garantie,2001-01-01,2026-01-01
1,0xbabe3dec32fa870b4125b9cad1cea498dcb116c9,INNOCENT CATS,2001-01-01,2026-01-01
1,0x716f29b8972d551294d9e02b3eb0fc1107fbf4aa,IO: Imaginary Ones,2001-01-01,2026-01-01
1,0x26badf693f2b103b021c670c852262b379bbbe8a,Illuminati,2001-01-01,2026-01-01
1,0x4222b2a98daa443c6a0a761300d7d6bfd9161e52,Illuvium,2001-01-01,2026-01-01
1,0xe6ef513f7429d92cb54ebd4c14026aeb90849a78,Impact Theory Founder's Key,2001-01-01,2026-01-01
1,0xa66f3bd98b4741bad68bcd7511163c6f855d2129,ImpermanentDigital,2001-01-01,2026-01-01
1,0x3110ef5f612208724ca51f5761a69081809f03b7,Impostors Genesis Aliens,2001-01-01,2026-01-01
1,0x3f4a885ed8d9cdf10f3349357e3b243f3695b24a,Incognito,2001-01-01,2026-01-01
1,0xb5af0c7f3885c1007e6699c357566610291585cb,Infinex Patrons,2001-01-01,2026-01-01
1,0xa7f767865fce8236f71adda56c60cf2e91dadc00,Infinites,2001-01-01,2026-01-01
1,0x59468516a8259058bad1ca5f8f4bff190d30e066,Invisible Friends,2001-01-01,2026-01-01
1,0x13015585932752a8e6dc24be6c07c420381af53d,IreneDAO,2001-01-01,2026-01-01
1,0x684e4ed51d350b4d76a3a07864df572d24e6dc4c,Isekai Meta,2001-01-01,2026-01-01
1,0x83979584ec8c6d94d93f838a524049173deba6f4,JPEG Cards,2001-01-01,2026-01-01
1,0x0b4b2ba334f476c8f41bfe52a428d6891755554d,JRNY NFT Club,2001-01-01,2026-01-01
1,0xeda3b617646b5fc8c9c696e0356390128ce900f8,Jadu Hoverboard,2001-01-01,2026-01-01
1,0xd0f0c40fcd1598721567f140ebf8af436e7b97cf,Jadu Jetpack,2001-01-01,2026-01-01
1,0x880644ddf208e471c6f2230d31f9027578fa6fcc,Jenkins the Valet,2001-01-01,2026-01-01
1,0x7fb2d396a3cc840f2c4213f044566ed400159b40,Jirasan,2001-01-01,2026-01-01
1,0x7e6bc952d4b4bd814853301bee48e99891424de0,Jungle Freaks,2001-01-01,2026-01-01
1,0x5dff0b226fde7085a850aff06e2ea62d1ad506f5,Junior Slotie,2001-01-01,2026-01-01
1,0x91673149ffae3274b32997288395d07a8213e41f,JunkYardDogs,2001-01-01,2026-01-01
1,0x07ce5d64b7b845c8ff645e9a3825f94e6bdd82f1,JustCubesNFT,2001-01-01,2026-01-01
1,0x3f5fb35468e9834a43dca1c160c69eaae78b6360,KIA,2001-01-01,2026-01-01
1,0xc99c679c50033bbc5321eb88752e89a93e9e83c5,KILLABEARS,2001-01-01,2026-01-01
1,0x21850dcfe24874382b12d05c5b189f5a2acf0e5b,KILLAz,2001-01-01,2026-01-01
1,0x701a038af4bd0fc9b69a829ddcb2f61185a49568,KIWAMI Genesis,2001-01-01,2026-01-01
1,0x63658cc84a5b2b969b8df9bea129a1c933e1439f,KLEEE02,2001-01-01,2026-01-01
1,0x83f82414b5065bb9a85e330c67b4a10f798f4ed2,Kaiju Mutants NFT,2001-01-01,2026-01-01
1,0x413d4f3e116bc364e4799f2e7137029c41563cd5,Kaiju Queenz,2001-01-01,2026-01-01
1,0x0c2e57efddba8c768147d1fdf9176a0a6ebd5d83,KaijuKingz,2001-01-01,2026-01-01
1,0x9830b32f7210f0857a859c2a86387e4d1bb760b8,Kaito Genesis,2001-01-01,2026-01-01
1,0xacf63e56fd08970b43401492a02f6f38b6635c91,Kanpai Pandas,2001-01-01,2026-01-01
1,0xd2f668a8461d6761115daf8aeb3cdf5f40c532c6,Karafuru,2001-01-01,2026-01-01
1,0xf220db48f0d3ca8a9833e0353e7497dbceae7ac6,Karafuru Gachapon,2001-01-01,2026-01-01
1,0x82c708379490f88d0d751d87610fd03f6f51a761,Kibatsu Mecha,2001-01-01,2026-01-01
1,0x6be69b2a9b153737887cfcdca7781ed1511c7e36,Killer GF,2001-01-01,2026-01-01
1,0xd668a2e001f3385b8bbc5a8682ac3c0d83c19122,KingFrogs,2001-01-01,2026-01-01
1,0x7df64f69544c5bf71171dc5ab69b8602c2ff1e27,Kitaro World Official,2001-01-01,2026-01-01
1,0xa302f0d51a365b18e86c291056dc265a73f19419,Kitty Crypto Gang,2001-01-01,2026-01-01
1,0xfbeef911dc5821886e1dda71586d90ed28174b7d,Known Origin,2001-01-01,2026-01-01
1,0xeb2dfc54ebafca8f50efcc1e21a9d100b5aeb349,Kubz,2001-01-01,2026-01-01
1,0x0a098221bb295704ac70f60def959828f935ac4e,Kumo x World,2001-01-01,2026-01-01
1,0xa7206d878c5c3871826dfdb42191c49b1d11f466,LOSTPOETS PAGE,2001-01-01,2026-01-01
1,0x4b3406a41399c7fd2ba65cbc93697ad9e7ea61e5,LOSTPOETS POET,2001-01-01,2026-01-01
1,0x40a0f793ccfd9bc6f2532d06d022be0f978ecbf3,Laid Back Llamas,2001-01-01,2026-01-01
1,0x2c88aa0956bc9813505d73575f653f69ada60923,Land,2001-01-01,2026-01-01
1,0x8943c7bac1914c9a7aba750bf2b6b09fd21037e0,Lazy Lions,2001-01-01,2026-01-01
1,0x7c6f282efbe06e93de4ab5e646478bee20f966b8,Legionfarm Celebrities Collection,2001-01-01,2026-01-01
1,0x0825f050e9b021a0e9de8cb1fb10b6c9f41e834c,LetsWalk,2001-01-01,2026-01-01
1,0x614917f589593189ac27ac8b81064cbe450c35e3,Letters,2001-01-01,2026-01-01
1,0x918f677b3ab4b9290ca96a95430fd228b2d84817,Lil Baby Ape Club,2001-01-01,2026-01-01
1,0xd78b76fcc33cd416da9d3d42f72649a23d7ac647,Lil Heroes,2001-01-01,2026-01-01
1,0xb48eb7b72ff5a4b5ef044ea9e706c990bb33884d,LilBabyApeClub,2001-01-01,2026-01-01
1,0x524cab2ec69124574082676e6f654a18df49a048,LilPudgys,2001-01-01,2026-01-01
1,0x696115768bbef67be8bd408d760332a7efbee92d,LinksDAO,2001-01-01,2026-01-01
1,0x0b22fe0a2995c5389ac093400e52471dca8bb48a,Little Lemon Friends,2001-01-01,2026-01-01
1,0xaf615b61448691fc3e4c61ae4f015d6e77b6cca8,Lives of Asuna,2001-01-01,2026-01-01
1,0x0bd4d37e0907c9f564aaa0a7528837b81b25c605,Llama Pass,2001-01-01,2026-01-01
1,0x9df8aa7c681f33e442a0d57b838555da863504f3,Llamaverse Genesis,2001-01-01,2026-01-01
1,0x343f999eaacdfa1f201fb8e43ebb35c99d9ae0c1,Loneley Aliens Space Club,2001-01-01,2026-01-01
1,0x1347a97789cd3aa0b11433e8117f55ab640a0451,Long Lost,2001-01-01,2026-01-01
1,0xfe190723a465c99293c4f035045c0a6880d25dbe,Look Labs 420 Game,2001-01-01,2026-01-01
1,0xffc1131dda0299b804c97c436bc8cfea019e00a0,Looki,2001-01-01,2026-01-01
1,0xa63673fd80e67aaeab5489c61760a490476a748a,Loomi Vault,2001-01-01,2026-01-01
1,0x2106c00ac7da0a3430ae667879139e832307aeaa,Loopy Donuts,2001-01-01,2026-01-01
1,0xff9c1b15b16263c61d017ee9f65c50e4ae0113d7,Loot,2001-01-01,2026-01-01
1,0xc878671ff88f1374d2186127573e4a63931370fc,Los Muertos World,2001-01-01,2026-01-01
1,0x709d30f1f60f03d85a0ef33142ef3259392dc9e1,Loser Club Official,2001-01-01,2026-01-01
1,0x13225f3c304c47a6781e7f710a30c36cdee9e982,Luxury Rugs V2,2001-01-01,2026-01-01
1,0x828b78e11bc6a061b8b1ab9cf29c68ed6abb247b,M Ape Kids Club - M1,2001-01-01,2026-01-01
1,0xd1169e5349d1cb9941f3dcba135c8a4b9eacfdde,MAX PAIN AND FRENS BY XCOPY,2001-01-01,2026-01-01
1,0x99cd66b3d67cd65fbafbd2fd49915002d4a2e0f2,MEV Army,2001-01-01,2026-01-01
1,0xe75512aa3bec8f00434bbd6ad8b0a3fbff100ad6,MG Land,2001-01-01,2026-01-01
1,0xeb3a9a839dfeeaf71db1b4ed6a8ae0ccb171b227,MOAR by Joan Cornella,2001-01-01,2026-01-01
1,0x139732c3f717071843f90977d93400393bdf9664,MPL Official,2001-01-01,2026-01-01
1,0x4b61413d4392c806e6d0ff5ee91e6073c21d6430,MURI by Haus,2001-01-01,2026-01-01
1,0x2a48420d75777af4c99970c0ed3c25effd1c08be,MV3 - Access Passes,2001-01-01,2026-01-01
1,0x6e96fb1f6d8cb1463e018a2cc6e09c64ed474dea,Mandelbrot Set Collection,2001-01-01,2026-01-01
1,0xdd467a6c8ae2b39825a452e06b4fa82f73d4253d,MarsCatsVoyage,2001-01-01,2026-01-01
1,0x4a537f61ef574153664c0dbc8c8f4b900cacbe5d,Mavia Land,2001-01-01,2026-01-01
1,0x31d843b99c2c4088cd20d96ef2426673b958ff70,MechMindsAI,2001-01-01,2026-01-01
1,0x7bd29408f11d2bfc23c34f18275bbf23bb716bc7,Meebits,2001-01-01,2026-01-01
1,0xd6d80461b1875a8679fe789db689156f42b7f86b,MegaShapeShifterz,2001-01-01,2026-01-01
1,0xc71a726d390bf02b4af8920c0820970310d0f367,MekaApes Game,2001-01-01,2026-01-01
1,0x9a534628b4062e123ce7ee2222ec20b86e16ca8f,MekaVerse,2001-01-01,2026-01-01
1,0xc3f8a0f5841abff777d3eefa5047e8d413a1c9ab,Merge,2001-01-01,2026-01-01
1,0xad265ab9b99296364f13ce5b8b3e8d0998778bfb,Meta Angels,2001-01-01,2026-01-01
1,0xfc2068c3d47b575a60f6a4a7bf60dea0ac368e01,Meta Bounty Hunters,2001-01-01,2026-01-01
1,0xeb6dffb87315a2bdf4dedf72b993adc960773a0d,Meta Eagle Club,2001-01-01,2026-01-01
1,0xf9c362cdd6eeba080dd87845e88512aa0a18c615,Meta-Legends,2001-01-01,2026-01-01
1,0xc6c817cd60e17fed0af2a759624e02dd6c812e64,MetaBillionaire,2001-01-01,2026-01-01
1,0x6dc6001535e15b9def7b0f6a20a2111dfa9454e2,MetaHero,2001-01-01,2026-01-01
1,0x74f70713b0515e9f520d6c764352e45e227839b7,MetaWinners,2001-01-01,2026-01-01
1,0x6ca10bc06de5af062cfd1dedde85b46ef43ec8d3,MetaZellys ETH,2001-01-01,2026-01-01
1,0xf7143ba42d40eaeb49b88dac0067e54af042e963,Metasaurs,2001-01-01,2026-01-01
1,0x25cd67e2dfec471acd3cdd3b22ccf7147596dd8b,Metroverse Blackout,2001-01-01,2026-01-01
1,0x0e9d6552b85be180d941f1ca73ae3e318d2d4f1f,Metroverse City Block,2001-01-01,2026-01-01
1,0xd9c036e9eef725e5aca4a22239a23feb47c3f05d,MidnightBreeze,2001-01-01,2026-01-01
1,0x5af0d9827e0c53e4799bb226655a1de152a425a5,Milady,2001-01-01,2026-01-01
1,0x0e42ffbac75bcc30cd0015f8aaa608539ba35fbb,Mind the Gap by MountVitruvius,2001-01-01,2026-01-01
1,0xcb2411c2b914b000ad13c86027222a797983ef2d,Mindblowon V2,2001-01-01,2026-01-01
1,0x797a48c46be32aafcedcfd3d8992493d8a1f256b,MintPassFactory,2001-01-01,2026-01-01
1,0xb08a61d96108136439180ad3f3e340a24e448f6b,Mirror Passes V2,2001-01-01,2026-01-01
1,0x59325733eb952a92e069c87f0a6168b29e80627f,Mocaverse,2001-01-01,2026-01-01
1,0x59ad67e9c6a84e602bc73b3a606f731cc6df210d,Momoguro: Holoself,2001-01-01,2026-01-01
1,0x21bf3da0cf0f28da27169239102e26d3d46956e5,Monaco Planet,2001-01-01,2026-01-01
1,0x5ad0f6563f83b68b69ed3db5dc69e0748a8a2e5c,Monfters Club,2001-01-01,2026-01-01
1,0x9261b6239a85348e066867c366d3942648e24511,MonkeyBet,2001-01-01,2026-01-01
1,0x32ddbb0fc65bb53e1f7d6dc1c2a713e9a695b75b,Monster Ape Club,2001-01-01,2026-01-01
1,0x6317c4cab501655d7b85128a5868e98a094c0082,Monsterbuds,2001-01-01,2026-01-01
1,0xe3234e57ac38890a9136247eadfe1860316ff6ab,MoodRollers,2001-01-01,2026-01-01
1,0x23581767a106ae21c074b2276d25e5c3e136a68b,Moonbirds,2001-01-01,2026-01-01
1,0x1792a96e5668ad7c167ab804a100ce42395ce54d,Moonbirds Oddities,2001-01-01,2026-01-01
1,0xc0ffee8ff7e5497c2d6f7684859709225fcc5be8,Moonbirds: Mythics,2001-01-01,2026-01-01
1,0x1485297e942ce64e0870ece60179dfda34b4c625,Moonrunners Official,2001-01-01,2026-01-01
1,0x49907029e80de1cbb3a46fd44247bf8ba8b5f12f,More Than Gamers,2001-01-01,2026-01-01
1,0x5a0d4479aed030305a36a1fb516346d533e794fb,Moshi Mochi,2001-01-01,2026-01-01
1,0xd5a73977e6effc252a7f1af4548ba11ff7187616,MultiverseVM,2001-01-01,2026-01-01
1,0x7d8820fa92eb1584636f4f5b8515b5476b75171a,Murakami.Flowers Official,2001-01-01,2026-01-01
1,0x341a1c534248966c4b6afad165b98daed4b964ef,Murakami.Flowers Seed,2001-01-01,2026-01-01
1,0x20c70bdfcc398c1f06ba81730c8b52ace3af7cc3,Mutant Garden Seeder,2001-01-01,2026-01-01
1,0xae99a698156ee8f8d07cbe7f271c31eeaac07087,Mutant Hound Collars,2001-01-01,2026-01-01
1,0x354634c4621cdfb7a25e6486cca1e019777d841b,Mutant Hounds,2001-01-01,2026-01-01
1,0xca95777971c7c438eecbd8bfc23249fbee99e716,Mutant Shiba Club | MSC,2001-01-01,2026-01-01
1,0x60e4d786628fea6478f785a6d7e704777c86a7c6,MutantApeYachtClub,2001-01-01,2026-01-01
1,0xaadba140ae5e4c8a9ef0cc86ea3124b446e3e46a,MutantCats,2001-01-01,2026-01-01
1,0x09233d553058c2f42ba751c87816a8e9fae7ef10,My Pet Hooligan,2001-01-01,2026-01-01
1,0xaf1446a0a36f4190ef48b3aca9ac1e37361a1404,MyToken,2001-01-01,2026-01-01
1,0x0ee24c748445fb48028a74b0ccb6b46d7d3e3b33,NAH FUNGIBLE BONES,2001-01-01,2026-01-01
1,0xbd4455da5929d5639ee098abfaa3241e9ae111af,NFT Worlds,2001-01-01,2026-01-01
1,0x6d4530149e5b4483d2f7e60449c02570531a0751,NFTBoxes,2001-01-01,2026-01-01
1,0xe34c28c7dc4fa20ceb7a9268345e83a5c7060136,NFTHUD Membership Token,2001-01-01,2026-01-01
1,0xeaa4c58427c184413b04db47889b28b5c98ebb7b,NFTrees,2001-01-01,2026-01-01
1,0x4cff01dbed00a5e95d705f96acf369f210c203c8,NOUNDLES,2001-01-01,2026-01-01
1,0x4d680c29cddddfa17a5317f0ceec08d0463912b2,NUO2069 Chip,2001-01-01,2026-01-01
1,0xd774557b647330c91bf44cfeab205095f7e6c367,Nakamigos,2001-01-01,2026-01-01
1,0xf54cc94f1f2f5de012b6aa51f1e7ebdc43ef5afc,Nanopass,2001-01-01,2026-01-01
1,0xb668beb1fa440f6cf2da0399f8c28cab993bdd65,Neo Tokyo Citizen,2001-01-01,2026-01-01
1,0xab0b0dd7e4eab0f9e31a539074a03f1c1be80879,Neo Tokyo Part 2: Vault Cards,2001-01-01,2026-01-01
1,0x0938e3f7ac6d7f674fed551c93f363109bda3af9,Neo Tokyo Part 3 Item Caches,2001-01-01,2026-01-01
1,0x3c54b798b3aad4f6089533af3bdbd6ce233019bb,Neo Tokyo Part 4 Land Deeds,2001-01-01,2026-01-01
1,0x86357a19e5537a8fba9a004e555713bc943a66c0,Neo Tokyo: Identities,2001-01-01,2026-01-01
1,0x698fbaaca64944376e2cdc4cad86eaa91362cf54,Neo Tokyo: Outer Identities,2001-01-01,2026-01-01
1,0x244fc4178fa685af909c88b4d4cd7eb9127edb0b,NetvrkLand,2001-01-01,2026-01-01
1,0x986aea67c7d6a15036e18678065eb663fc5be883,Nifty League DEGENs,2001-01-01,2026-01-01
1,0x670d4dd2e6badfbbd372d0d37e06cd2852754a04,Nina's Super Cool World,2001-01-01,2026-01-01
1,0x0816c41b87200fc5c6176b38af608faeb8d62bb5,NonFungibleFungiMintPass,2001-01-01,2026-01-01
1,0x345974220a845ddeceed011e8e6106b59724b661,NonFungibleHeroes,2001-01-01,2026-01-01
1,0xdcc2a6f7cf14b5d2fc0f2731faf0a37b914a0c82,Noodles,2001-01-01,2026-01-01
1,0x76b3af5f0f9b89ca5a4f9fe6c58421dbe567062d,NotOkayBears,2001-01-01,2026-01-01
1,0x7a1f56f9641d7bd8c57f0909959c894c97e39beb,Notorious Alien Space Agents,2001-01-01,2026-01-01
1,0xa4d5fb4ff0fa1565fb7d8f5db88e4c0f2f445046,Notorious Frogs,2001-01-01,2026-01-01
1,0x9c8ff314c9bc7f6e59a9d9225fb22946427edc03,Nouns,2001-01-01,2026-01-01
1,0x0f78c6eee3c89ff37fd9ef96bd685830993636f2,Nuclear Nerds,2001-01-01,2026-01-01
1,0x5079fc4e96338be1b5aff236ff4b00ec4452b2d3,OCM Dessert,2001-01-01,2026-01-01
1,0xbba205283253e7adb8be4a0b03600c9ab4924974,OFFICIAL KREEPY CLUB,2001-01-01,2026-01-01
1,0x368ad4a7a7f49b8fa8f34476be0fc4d04ce622f5,OGCR,2001-01-01,2026-01-01
1,0xfdf5acd92840e796955736b1bb9cc832740744ba,OVERWORLD INCARNA,2001-01-01,2026-01-01
1,0xc3f733ca98e0dad0386979eb96fb1722a1a05e69,Official MoonCats - Acclimated,2001-01-01,2026-01-01
1,0xb5f3dee204ca76e913bb3129ba0312b9f0f31d82,Omnimorphs,2001-01-01,2026-01-01
1,0x960b7a6bcd451c9968473f7bbfd9be826efd549a,OnChainMonkey,2001-01-01,2026-01-01
1,0x9ebab3b21b5ef5709bd476b022fc432fc84c0e86,OogaVerse,2001-01-01,2026-01-01
1,0x495f947276749ce646f68ac8c248420045cb7b5e,OpenSea Collection,2001-01-01,2026-01-01
1,0x6339e5e072086621540d0362c4e3cea0d643e114,Opepen Edition,2001-01-01,2026-01-01
1,0x790b2cf29ed4f310bf7641f013c65d4560d28371,Otherdeed Expanded,2001-01-01,2026-01-01
1,0x34d85c9cdeb23fa97cb08333b511ac86e1c4e258,Otherdeed for Otherside,2001-01-01,2026-01-01
1,0xe012baf811cf9c05c408e879c399960d1f305903,Otherside Koda,2001-01-01,2026-01-01
1,0x5b1085136a811e55b2bb2ca1ea456ba82126a376,Otherside Vessels,2001-01-01,2026-01-01
1,0xe2e27b49e405f6c25796167b2500c195f972ebac,Owls,2001-01-01,2026-01-01
1,0xe106c63e655df0e300b78336af587f300cff9e76,OxyaOriginProject,2001-01-01,2026-01-01
1,0x1eff5ed809c994ee2f500f076cef22ef3fd9c25d,PEGZ,2001-01-01,2026-01-01
1,0x33a4cfc925ad40e5bb2b9b2462d7a1a5a5da4476,PILLS,2001-01-01,2026-01-01
1,0xccdf1373040d9ca4b5be1392d1945c1dae4a862c,PORSCHE 911,2001-01-01,2026-01-01
1,0xeba867502ef59adbd8bc73fbdb531ed9381b5f97,PPA Shuttlepasses,2001-01-01,2026-01-01
1,0xe0176ba60efddb29cac5b15338c9962daee9de0c,PREMINT Collector Pass - OFFICIAL,2001-01-01,2026-01-01
1,0x08d7c0242953446436f34b4c78fe9da38c73668d,PROOF Collective,2001-01-01,2026-01-01
1,0x5ab21ec0bfa0b29545230395e3adaca7d552c948,PUNKS Comic,2001-01-01,2026-01-01
1,0x128675d4fddbc4a0d3f8aa777d8ee0fb8b427c2f,PUNKS Comic 2,2001-01-01,2026-01-01
1,0x160c404b2b49cbc3240055ceaee026df1e8497a0,PXN: Ghost Division,2001-01-01,2026-01-01
1,0x17ed38f5f519c6ed563be6486e629041bed3dfbc,PXQuest Adventurer,2001-01-01,2026-01-01
1,0xad6dc35442d766f87f9296f17ba45e23518bc5f3,Paladin Pandas,2001-01-01,2026-01-01
1,0x76be3b62873462d2142405439777e971754e8e77,Parallel Alpha,2001-01-01,2026-01-01
1,0x5df340b5d1618c543ac81837da1c2d2b17b3b5d8,Party Ape Billionaire Club,2001-01-01,2026-01-01
1,0x35471f47c3c0bc5fc75025b97a19ecdde00f78f8,Party Bears,2001-01-01,2026-01-01
1,0x31f3bba9b71cb1d5e96cd62f0ba3958c034b55e9,Party Penguins,2001-01-01,2026-01-01
1,0x4be3223f8708ca6b30d1e8b8926cf281ec83e770,PartyDegenerates,2001-01-01,2026-01-01
1,0x2dec96736e7d24e382e25d386457f490ae64889e,Peacefall,2001-01-01,2026-01-01
1,0x496a2d17a89cbc4248e9b52c8003a50c648fbca0,PeopleInThePlaceTheyLove,2001-01-01,2026-01-01
1,0x0baeccd651cf4692a8790bcc4f606e79bf7a3b1c,Peplicator by Matt Furie,2001-01-01,2026-01-01
1,0xa67d63e68715dcf9b65e45e5118b5fcd1e554b5f,Pepsi Mic Drop,2001-01-01,2026-01-01
1,0x67d9417c9c3c250f61a83c7e8658dac487b56b09,Phanta Bear,2001-01-01,2026-01-01
1,0xd0a07a76746707f6d6d36d9d5897b14a8e9ed493,Pixel Vault Founder's DAO,2001-01-01,2026-01-01
1,0x33cfae13a9486c29cd3b11391cc7eca53822e8c7,Pixel Vault MintPass,2001-01-01,2026-01-01
1,0x32973908faee0bf825a343000fe412ebe56f802a,Pixelmon,2001-01-01,2026-01-01
1,0x4e76c23fe2a4e37b5e07b5625e17098baab86c18,Pixl Pets,2001-01-01,2026-01-01
1,0x7deb7bce4d360ebe68278dee6054b882aa62d19c,Planets,2001-01-01,2026-01-01
1,0x909899c5dbb5002610dd8543b6f638be56e3b17e,Plasma Bears,2001-01-01,2026-01-01
1,0xc22616e971a670e72f35570337e562c3e515fbfe,Playing Arts Crypto Edition,2001-01-01,2026-01-01
1,0x85f0e02cb992aa1f9f47112f815f519ef1a59e2d,Polychain Monsters,2001-01-01,2026-01-01
1,0xb228d7b6e099618ca71bd5522b3a8c3788a8f172,Poolsuite Executive Member,2001-01-01,2026-01-01
1,0x1554f51f18f8e3fbe83e4442420e40efc57ff446,Pop Art Cats,2001-01-01,2026-01-01
1,0x6632a9d63e142f17a668064d41a21193b49b41a0,Prime Ape Planet,2001-01-01,2026-01-01
1,0x5845e5f0571427d0ce33550587961262ca8cdf5c,Prime Kong Planet,2001-01-01,2026-01-01
1,0x3598fff0f78dd8b497e12a3ad91febcfc8f49d9e,Private Jet Pyjama Party,2001-01-01,2026-01-01
1,0xe77ad290adab2989a81ae62ab2467c01b45feeff,Proceed w/ Caution,2001-01-01,2026-01-01
1,0xc374a204334d4edd4c6a62f0867c752d65e9579c,Project AEON,2001-01-01,2026-01-01
1,0xedc3ad89f7b0963fe23d714b34185713706b815b,Project Godjira Gen 2,2001-01-01,2026-01-01
1,0xe70659b717112ac4e14284d0db2f5d5703df8e43,Project X - IjH8JxUV9a,2001-01-01,2026-01-01
1,0x5501024ddb740266fa0d69d19809ec86db5e3f8b,Psychedelics Anonymous Component #1,2001-01-01,2026-01-01
1,0xa7b6cb932eecacd956454317d59c49aa317e3c57,Psychedelics Anonymous Component #2,2001-01-01,2026-01-01
1,0x75e95ba5997eb235f40ecf8347cdb11f18ff640b,Psychedelics Anonymous Genesis,2001-01-01,2026-01-01
1,0xc8e1de8dc39a758c7a50f659b53f787e0f1398bd,Psychedelics Anonymous Printing Press,2001-01-01,2026-01-01
1,0xbd3531da5cf5857e7cfaa92426877b022e612cf8,PudgyPenguins,2001-01-01,2026-01-01
1,0x062e691c2054de82f28008a8ccc6d7a1c8ce060d,PudgyPresent,2001-01-01,2026-01-01
1,0x905b180268f2773022e1a10e204b0858b2e60dcf,Pulsquares,2001-01-01,2026-01-01
1,0x9759226b2f8ddeff81583e244ef3bd13aaa7e4a1,Purrnelopes Country Club,2001-01-01,2026-01-01
1,0xc73b17179bf0c59cd5860bb25247d1d1092c1088,QQL Mint Pass,2001-01-01,2026-01-01
1,0x46ac8540d698167fcbb9e846511beb8cf8af9bd8,Quantum Art,2001-01-01,2026-01-01
1,0x9705a7113363a383c8a96689e20286abe6612bb3,Quantum Key,2001-01-01,2026-01-01
1,0x3903d4ffaaa700b62578a66e7a67ba4cb67787f9,Quirkies Originals,2001-01-01,2026-01-01
1,0x394e3d3044fc89fcdd966d3cb35ac0b32b0cda91,RENGA,2001-01-01,2026-01-01
1,0x64ad353bc90a04361c4810ae7b3701f3beb48d7e,RENGA Black Box,2001-01-01,2026-01-01
1,0x348fc118bcc65a92dc033a951af153d14d945312,RTFKT - CloneX Mintvial,2001-01-01,2026-01-01
1,0x86825dfca7a6224cfbd2da48e85df2fc3aa7c4b1,RTFKT - MNLTH,2001-01-01,2026-01-01
1,0x0972290a80333d19c6703073c3e57134a4ca0127,RTFKT BONUS ITEMS,2001-01-01,2026-01-01
1,0xc541fc1aa62384ab7994268883f80ef92aac6399,RTFKT Capsule Space Drip 1.2,2001-01-01,2026-01-01
1,0xa49a0e5ef83cf89ac8aae182f22e6464b229efc8,RTFKT Clone X Forging SZN 1 (PRE-FORGE),2001-01-01,2026-01-01
1,0xae3d8d68b4f6c3ee784b2b0669885a315ba77c08,RTFKT PUNK PROJECT Gen1,2001-01-01,2026-01-01
1,0xb7be4001bff2c5f4a61dd2435e4c9a19d8d12343,RTFKT PodX,2001-01-01,2026-01-01
1,0x9a06ef3a841316a9e2c1c93b9c21a7342abe484f,RTFKT SKIN VIAL: EVO X,2001-01-01,2026-01-01
1,0x6d4bbc0387dd4759eee30f6a482ac6dc2df3facf,RTFKT X NIKE MONOLITH,2001-01-01,2026-01-01
1,0xcd1dbc840e1222a445be7c1d8ecb900f9d930695,RTFKT x JeffStaple,2001-01-01,2026-01-01
1,0xf661d58cfe893993b11d53d11148c4650590c692,RTFKT x Nike Dunk Genesis CRYPTOKICKS,2001-01-01,2026-01-01
1,0x65c234d041f9ef96e2f126263727dfa582206d82,Rabbitars,2001-01-01,2026-01-01
1,0x497a9a79e82e6fc0ff10a16f6f75e6fcd5ae65a8,Ragnarok Meta,2001-01-01,2026-01-01
1,0x31d45de84fde2fb36575085e05754a4932dd5170,Rare Apepes,2001-01-01,2026-01-01
1,0x7e6027a6a84fc1f6db6782c523efe62c923e46ff,Rare Pepe (2016 - 2018),2001-01-01,2026-01-01
1,0xd07dc4262bcdbf85190c01c996b4c06a461d2430,Rarible,2001-01-01,2026-01-01
1,0xcdb7c1a6fe7e112210ca548c214f656763e13533,Ready Player Cat NFT,2001-01-01,2026-01-01
1,0x7afe30cb3e53dba6801aa0ea647a0ecea7cbe18d,Realms (for Adventurers),2001-01-01,2026-01-01
1,0xc051aab77edf25119b1a37740636ddbfb803c4e5,Rebel Seals,2001-01-01,2026-01-01
1,0x8cd3cea52a45f30ed7c93a63fb2b5c13b453d5a1,Rebel Society,2001-01-01,2026-01-01
1,0xbbe23e96c48030dc5d4906e73c4876c254100d33,RebelBots,2001-01-01,2026-01-01
1,0xd3d9ddd0cf0a5f0bfb8f7fceae075df687eaebab,Redacted Remilio Babies,2001-01-01,2026-01-01
1,0x6d0de90cdc47047982238fcf69944555d27ecb25,Regulars,2001-01-01,2026-01-01
1,0x1ecfdccf97edd64fb73890ca4541f306456a21ec,Relics Pass,2001-01-01,2026-01-01
1,0xbaeec315f9d7f8db2645edfd5633360f152279bc,Rengoku,2001-01-01,2026-01-01
1,0x5f4a54e29ccb8a02cdf7d7bfa8a0999a8330cced,Reptile Armoury,2001-01-01,2026-01-01
1,0xc2d6b32e533e7a8da404abb13790a5a2f606ad75,Revenants by Alethea AI,2001-01-01,2026-01-01
1,0x099689220846644f87d1137665cded7bf3422747,Robotos,2001-01-01,2026-01-01
1,0xc6735852e181a55f736e9db62831dc63ef8c449a,Rogue Society Bots,2001-01-01,2026-01-01
1,0xb159f1a0920a7f1d336397a52d92da94b1279838,Royal Society,2001-01-01,2026-01-01
1,0x7a4d1b54dd21dde804c18b7a830b5bc6e586a7f6,Rubber Duck Bath Party,2001-01-01,2026-01-01
1,0xd1d411d2da363144248b98adab453aa3b19ccf04,Rug Radio Membership Pass,2001-01-01,2026-01-01
1,0x8ff1523091c9517bc328223d50b52ef450200339,RugGenesis NFT,2001-01-01,2026-01-01
1,0xef0182dc0574cd5874494a120750fd222fdb909a,RumbleKongLeague,2001-01-01,2026-01-01
1,0x11450058d796b02eb53e65374be59cff65d3fe7f,SHIBOSHIS,2001-01-01,2026-01-01
1,0x2b841d4b7ca08d45cc3de814de08850dc3008c43,SKULLTOONS Gavroche by Theodoru,2001-01-01,2026-01-01
1,0x8ee9a60cb5c0e7db414031856cb9e0f1f05988d1,STAPLEVERSE - FEED CLAN,2001-01-01,2026-01-01
1,0x2a036569dbbe7730d69ed664b74412e49f43c2c0,STEPN Shoeboxes,2001-01-01,2026-01-01
1,0xfbfea4a683d37bf68301f6a9acf7e647bfa8e1a7,SUPERPLASTIC: HEADTRIPZ,2001-01-01,2026-01-01
1,0x3d70f643e6eed7af3bd1fd501dacd5ae677818b5,SUPERPLASTIC: HEADTRIPZ PILLZ,2001-01-01,2026-01-01
1,0x78d61c684a992b0289bbfe58aaa2659f667907f8,SUPERPLASTIC: SUPERGUCCI,2001-01-01,2026-01-01
1,0xcf514faa49cb3133275eb4c9420e4161970ee806,Sacred Skulls,2001-01-01,2026-01-01
1,0x772c9181b0596229ce5ba898772ce45188284379,Sad Frogs District,2001-01-01,2026-01-01
1,0x345c2fa23160c63218dfaa25d37269f26c85ca47,Samurai Saga,2001-01-01,2026-01-01
1,0xa342f5d851e866e18ff98f351f2c6637f4478db5,Sandbox's ASSETs,2001-01-01,2026-01-01
1,0x50f5474724e0ee42d9a4e711ccfb275809fd6d4a,Sandbox's LANDs,2001-01-01,2026-01-01
1,0x5cc5b05a8a13e3fbdb0bb9fccd98d38e50f90c38,Sandbox's LANDs,2001-01-01,2026-01-01
1,0x364c828ee171616a39897688a831c2499ad972ec,Sappy Seals,2001-01-01,2026-01-01
1,0x080ce3620a3cfed6119d6c8db0f9a56e52451729,Satoshi Runners Official,2001-01-01,2026-01-01
1,0x0b0b186841c55d8a09d53db48dc8cab9dbf4dbd6,Satoshibles,2001-01-01,2026-01-01
1,0xdecc60000ba66700a009b8f9f7d82676b5cfa88a,Settlements,2001-01-01,2026-01-01
1,0xf497253c2bb7644ebb99e4d9ecc104ae7a79187a,Sevens Token,2001-01-01,2026-01-01
1,0x764aeebcf425d56800ef2c84f2578689415a2daa,Sewer Pass,2001-01-01,2026-01-01
1,0xf026fb5be56ff63e19e9da3236035e80e5780663,Shadow Quest,2001-01-01,2026-01-01
1,0xd692ced124a474f051f9744a301c26d1017b3d54,Shiba Social Club,2001-01-01,2026-01-01
1,0x0747118c9f44c7a23365b2476dcd05e03114c747,Shields,2001-01-01,2026-01-01
1,0x582048c4077a34e7c3799962f1f8c5342a3f4b12,Shinsei Galverse Official,2001-01-01,2026-01-01
1,0x98b82d9efc577b1c3aa6578342121231db2b47b9,Shinsekai Portal,2001-01-01,2026-01-01
1,0x6728d91abacdbac2f326baa384513a523c21b80a,ShitBeast,2001-01-01,2026-01-01
1,0x0ffa87cd27ae121b10b3f044dda4d28f9fb8f079,Sidus NFT Heroes,2001-01-01,2026-01-01
1,0xc8a75cfe4a0b9362ff2e201f960549e875b10e2d,Singularity by AIIV,2001-01-01,2026-01-01
1,0x9c57d0278199c931cf149cc769f37bb7847091e7,Sipher INU,2001-01-01,2026-01-01
1,0x19350eb381ab2f88d274e740bd062ab5ff15542e,SkuxxVerse Pass,2001-01-01,2026-01-01
1,0x2931b181ae9dc8f8109ec41c42480933f411ef94,SlimHoods,2001-01-01,2026-01-01
1,0x5fdb2b0c56afa73b8ca2228e6ab92be90325961d,Slotie,2001-01-01,2026-01-01
1,0xb18380485f7ba9c23deb729bedd3a3499dbd4449,SmallBrosNFT,2001-01-01,2026-01-01
1,0x177ef8787ceb5d4596b6f011df08c86eb84380dc,Smilesss,2001-01-01,2026-01-01
1,0x219b8ab790decc32444a6600971c7c3718252539,Sneaky Vampire Syndicate,2001-01-01,2026-01-01
1,0x1d0ec4a86ac39fef4485169b4d14dc39d0ea64cd,Sneaky's Internet Friends,2001-01-01,2026-01-01
1,0xb184b9414e7d7c436b7097ed2c774bb56fae392f,Society of Derivative Apes,2001-01-01,2026-01-01
1,0x82262bfba3e25816b4c720f1070a71c7c16a8fc4,Solvency by Ezra Miller,2001-01-01,2026-01-01
1,0x05e7f2499ff153fea2f20bbde0b5584c911c0af1,Something Token,2001-01-01,2026-01-01
1,0x913ae503153d9a335398d0785ba60a2d63ddb4e2,Somnium Space Land,2001-01-01,2026-01-01
1,0xf8d4fef9af82de6e57f6aabafd49ff9730242d75,Space Boo Official NFT,2001-01-01,2026-01-01
1,0x620b70123fb810f6c653da7644b5dd0b6312e4d8,Space Doodles,2001-01-01,2026-01-01
1,0x4a8b01e437c65fa8612e8b699266c0e0a98ff65c,Space Poggers,2001-01-01,2026-01-01
1,0x45db714f24f5a313569c41683047f1d49e78ba07,Space Punks,2001-01-01,2026-01-01
1,0xfd1076d80fff9dc702ae9fdfea0073467b9b3fb7,Spooky Boys Country Club,2001-01-01,2026-01-01
1,0x792496a3f678187e59e1d1d5e075799cd1e124c2,Squishy Squad,2001-01-01,2026-01-01
1,0x2d3f39663d43c0862589a8a24bf05ccd44b0ac4d,StackedToadz,2001-01-01,2026-01-01
1,0x49ac61f2202f6a2f108d59e77535337ea41f6540,Star Sailor Siblings,2001-01-01,2026-01-01
1,0x69b9c98e8d715c25b330d0d4eb07e68cbb7f6cfc,Starcatchers,2001-01-01,2026-01-01
1,0x984f7b398d577c0adde08293a53ae9d3b6b7a5c5,Stoner Ape Club,2001-01-01,2026-01-01
1,0xd4d871419714b778ebec2e22c7c53572b573706e,Stoner Cats,2001-01-01,2026-01-01
1,0x2e734269c869bda3ea6550f510d2514f2d66de71,StrongBlock NFTs,2001-01-01,2026-01-01
1,0x3fe1a4c1481c8351e91b64d5c398b159de07cbc5,SupDucks,2001-01-01,2026-01-01
1,0x9c8d2f53f6bff84458f1c84fdaa1e4852ca958e3,Super Creators By IAC,2001-01-01,2026-01-01
1,0xe24e4d4535f504d6d7957356534e23b4e787289f,Super Ordinary Villains - SOV,2001-01-01,2026-01-01
1,0xe4597f9182ba947f7f3bf8cbc6562285751d5aee,SuperFarm Genesis Series,2001-01-01,2026-01-01
1,0xd532b88607b1877fe20c181cba2550e3bbd6b31c,SuperNormalbyZipcy,2001-01-01,2026-01-01
1,0x1e87ee9249cc647af9edeecb73d6b76af14d8c27,Superlative Apes,2001-01-01,2026-01-01
1,0xa7ee407497b2aeb43580cabe2b04026b5419d1dc,Superlative Secret Society,2001-01-01,2026-01-01
1,0x12787526c03d626aac88e6edc4d0fb930d86c631,Supreme Kong,2001-01-01,2026-01-01
1,0x95784f7b5c8849b0104eaf5d13d6341d8cc40750,Swampverse,2001-01-01,2026-01-01
1,0x36d02dcd463dfd71e4a07d8aa946742da94e8d3a,SympathyForTheDevils,2001-01-01,2026-01-01
1,0xec3a445010a3d8a201d4460c5570de49dda590df,T Thugs,2001-01-01,2026-01-01
1,0xcb4307f1c3b5556256748ddf5b86e81258990b3c,T-O-S The Other Side,2001-01-01,2026-01-01
1,0x7cc7add921e2222738561d03c89589929cefcf21,TBAC,2001-01-01,2026-01-01
1,0x4ec83fb4e8ee6955a5b9bd88d901d232205f5444,THE SECRET SOCIETY XX,2001-01-01,2026-01-01
1,0x8a939fd297fab7388d6e6c634eee3c863626be57,TRAITORS open edition by XCOPY,2001-01-01,2026-01-01
1,0x33a237b384b7065c815f7c745d73a0acf140449c,Tales Of Tsuki Genesis,2001-01-01,2026-01-01
1,0x1b79c7832ed9358e024f9e46e9c8b6f56633691b,Tasty Bones XYZ,2001-01-01,2026-01-01
1,0x3a0335409a0becd0da1ff6e442b9b6874d4e87a1,Template,2001-01-01,2026-01-01
1,0x4e1f41613c9084fdb9e34e11fae9412427480e56,Terraforms,2001-01-01,2026-01-01
1,0xbc4ca343167a5e2d9f700cf5b6b3f849585cd6fc,The 140 Collection,2001-01-01,2026-01-01
1,0x4581649af66bccaee81eebae3ddc0511fe4c5312,The Alien Boy,2001-01-01,2026-01-01
1,0x5bd815fd6c096bab38b4c6553cfce3585194dff9,The Art of Seasons,2001-01-01,2026-01-01
1,0x9b8b9c7c02be0bd0aa4d669bf6a1f6003424c6dc,The Association NFT (NBA),2001-01-01,2026-01-01
1,0x00abdb2fbbc763b6b4a8700e10550ad74dac4d43,The Bibiz,2001-01-01,2026-01-01
1,0x769272677fab02575e84945f03eca517acc544cc,The Captainz,2001-01-01,2026-01-01
1,0xf4ee95274741437636e748ddac70818b4ed7d043,The Doge Pound,2001-01-01,2026-01-01
1,0xc7df86762ba83f2a6197e1ff9bb40ae0f696b9e6,The Doggies (Snoop Dogg),2001-01-01,2026-01-01
1,0xc0cf5b82ae2352303b2ea02c3be88e23f2594171,The Fungible by Pak,2001-01-01,2026-01-01
1,0x0a36f2178c0db2c85471c45334a1dd17d130fd42,The GODA Mint Pass,2001-01-01,2026-01-01
1,0xce50f3ca1f1dbd6fa042666bc0e369565dda457d,The Heart Project,2001-01-01,2026-01-01
1,0x3a5051566b2241285be871f650c445a88a970edd,The Humanoids,2001-01-01,2026-01-01
1,0xfac0b889703ab4db3426ef67d437bee3408941ac,The Indifferent Duck,2001-01-01,2026-01-01
1,0xc178994cb9b66307cd62db8b411759dd36d9c2ee,The Legend of CCKPUNCH,2001-01-01,2026-01-01
1,0x87c4ba6f6ee73e0d420eb56c54243a5ae486e51b,The Lobstars,2001-01-01,2026-01-01
1,0x33fd426905f149f8376e227d0c9d3340aad17af1,The Memes by 6529,2001-01-01,2026-01-01
1,0xe42cad6fc883877a76a26a16ed92444ab177e306,The Merge: Regenesis,2001-01-01,2026-01-01
1,0x10daa9f4c0f985430fde4959adb2c791ef2ccf83,The Meta Key,2001-01-01,2026-01-01
1,0x40fb1c0f6f73b9fc5a81574ff39d27e0ba06b17b,The Mike Tyson NFT Collection by Cory Van Lew,2001-01-01,2026-01-01
1,0x52e66ca968010d064938a8099a172cbaaf08c125,The Orbs by BT,2001-01-01,2026-01-01
1,0x545f0a45ba06c7c5b1a5fb0b29008462ceea07b7,The Picaroons,2001-01-01,2026-01-01
1,0x3a2096754df385553c4252e5a82dc862e64169bb,The Possessed,2001-01-01,2026-01-01
1,0x39ee2c7b3cb80254225884ca001f57118c8f21b6,The Potatoz,2001-01-01,2026-01-01
1,0xf17131a4c85e8a75ba52b3f91ce8c32f6f163924,The Sandbox,2001-01-01,2026-01-01
1,0xe21ebcd28d37a67757b9bc7b290f4c4928a430b1,The Saudis,2001-01-01,2026-01-01
1,0xaaf03a65cbd8f01b512cd8d530a675b3963de255,The Seekers,2001-01-01,2026-01-01
1,0x07a8ba3f4fd4db7f3381c07ee5a309c1aace9c59,The Space Bulls,2001-01-01,2026-01-01
1,0x67421c8622f8e38fe9868b4636b8dc855347d570,The Squishiverse NFT,2001-01-01,2026-01-01
1,0xa406489360a47af2c74fc1004316a64e469646a5,The Surreals,2001-01-01,2026-01-01
1,0xabf66ca534f8a5081303e3873f0f4771c67b7b45,The Walking Dead Official,2001-01-01,2026-01-01
1,0x85f740958906b317de6ed79663012859067e745b,The Wicked Craniums,2001-01-01,2026-01-01
1,0xaadc2d4261199ce24a4b0a57370c4fcf43bb60aa,TheCurrency,2001-01-01,2026-01-01
1,0x08f0b2a4351514e63e9e03a661adfe58d463cfbc,TheProjectURS,2001-01-01,2026-01-01
1,0x0aa7420c43b8c1a7b165d216948870c8ecfe1ee1,Thingdoms NFT Official,2001-01-01,2026-01-01
1,0x704bf12276f5c4bc9349d0e119027ead839b081b,Timeless,2001-01-01,2026-01-01
1,0xc274a97f1691ef390f662067e95a6eff1f99b504,TinFun,2001-01-01,2026-01-01
1,0x11595ffb2d3612d810612e34bc1c2e6d6de55d26,Tom Sachs Rocket Components,2001-01-01,2026-01-01
1,0xc2f05fd9fe4cfe8f7395ddb220c84d3ef240cf3d,ToolsOfRock,2001-01-01,2026-01-01
1,0x6f0365ca2c1dd63473f898a60f878a07e0f68a26,TopDogBeachClub,2001-01-01,2026-01-01
1,0xc36cf0cfcb5d905b8b513860db0cfe63f6cf9f5c,Town Star,2001-01-01,2026-01-01
1,0x282a7d13152b3f51a3e31d46a2ca563f8554d85d,Toxic Skulls Club,2001-01-01,2026-01-01
1,0xbf662a0e4069b58dfb9bcebebae99a6f13e06f5a,Toy Boogers,2001-01-01,2026-01-01
1,0x4287bd7cc2b4aa8650e2887055a4674759c216e2,Trait Sniper Lifetime Access,2001-01-01,2026-01-01
1,0x1b829b926a14634d36625e60165c0770c09d02b2,Treeverse,2001-01-01,2026-01-01
1,0x19cb5b009bdad0dad0404dd860b0bea75465e678,Trippy Toadz NFT,2001-01-01,2026-01-01
1,0x537b2279d8f625a1b74cf3c1f0e2122fb047a6b0,TronWars,2001-01-01,2026-01-01
1,0x762bc5880f128dcac29cffdde1cf7ddf4cfc39ee,Troverse Planets,2001-01-01,2026-01-01
1,0x55d89273143de3de00822c9271dbcbd9b44b44c6,Turf,2001-01-01,2026-01-01
1,0xed6c62794e4ed3dec82d00c7ca58ae9512b13eb1,TwoPlusTwo,2001-01-01,2026-01-01
1,0xca52c16c468624b78bd52431eb1b6856d38e61ff,Ugly People by Torrealba,2001-01-01,2026-01-01
1,0x0811f26c17284b6e331beaa2328471107576e601,Undead Pastel Club,2001-01-01,2026-01-01
1,0xe0be388ab81c47b0f098d2030a1c9ef190691a8a,Unemployables,2001-01-01,2026-01-01
1,0xc4a0b1e7aa137ada8b2f911a501638088dfdd508,UninterestedUnicorns,2001-01-01,2026-01-01
1,0x943cc300dd938d8490d33d794507fedc25c49002,UninterestedUnicorns,2001-01-01,2026-01-01
1,0x87d25e5e755b69943572a58936843ffa894afd66,V,2001-01-01,2026-01-01
1,0x282bdd42f4eb70e7a9d9f40c8fea0825b7f68c5d,V1 Cryptopunks (Wrapped),2001-01-01,2026-01-01
1,0xad9fd7cb4fc7a0fbce08d64068f60cbde22ed34c,VOX Series 1,2001-01-01,2026-01-01
1,0xf76179bb0924ba7da8e7b7fc2779495d7a7939d8,VOX Series 2,2001-01-01,2026-01-01
1,0x231d3559aa848bf10366fb9868590f01d34bf240,Valhalla,2001-01-01,2026-01-01
1,0xbce6d2aa86934af4317ab8615f89e3f9430914cb,VaynerSports Pass VSP,2001-01-01,2026-01-01
1,0x4d928fada59f3446627c5bea707a81e006cf676f,VeeCon Tickets,2001-01-01,2026-01-01
1,0xa3aee8bce55beea1951ef834b99f3ac60d1abeeb,VeeFriends,2001-01-01,2026-01-01
1,0x9378368ba6b85c1fba5b131b530f5f5bedf21a18,VeeFriends Series 2,2001-01-01,2026-01-01
1,0x548c407d35cdd3c812458d9ef6d135963f9f7ece,Video Game Dev Squad,2001-01-01,2026-01-01
1,0x0000000005756b5a03e751bd0280e3a55bc05b6e,Villagers of XOLO,2001-01-01,2026-01-01
1,0xdb55584e5104505a6b38776ee4dcba7dd6bb25fe,Visitors of Imma Degen,2001-01-01,2026-01-01
1,0x18c7766a10df15df8c971f6e8c1d2bba7c7a410b,Vogu,2001-01-01,2026-01-01
1,0x31c823260528ba98e3bf797b2add2302af097392,Voxel Ville,2001-01-01,2026-01-01
1,0xe3435edbf54b5126e817363900234adfee5b3cee,Voxies,2001-01-01,2026-01-01
1,0x4a793dff8db7717fa042c5a71cbdaee883016ba6,WHIKO,2001-01-01,2026-01-01
1,0xcbc67ea382f8a006d46eeeb7255876beb7d7f14d,WVRPS by Warpsound,2001-01-01,2026-01-01
1,0x2216d47494e516d8206b70fca8585820ed3c4946,Waifusion,2001-01-01,2026-01-01
1,0x8184a482a5038b124d933b779e0ea6e0fb72f54e,Wanderers,2001-01-01,2026-01-01
1,0x68930072647a0d79e601d5ee3914833ae9148247,Wavelength,2001-01-01,2026-01-01
1,0x659a4bdaaacc62d2bd9cb18225d9c89b5b697a5a,We Are All Going to Die,2001-01-01,2026-01-01
1,0xd10ea170fcfd4d6f2c9fd7a596d7b0ba10a52648,Weather Report Intl.,2001-01-01,2026-01-01
1,0x543d43f390b7d681513045e8a85707438c463d80,Webaverse Genesis Pass,2001-01-01,2026-01-01
1,0xa1d4657e0e6507d5a94d06da93e94dc7c8c44b51,WebbLand,2001-01-01,2026-01-01
1,0x9401518f4ebba857baa879d9f76e1cc8b31ed197,Weirdo Ghost Gang,2001-01-01,2026-01-01
1,0x1ebb218415b1f70aeff54041c743082f183318ce,Whales Game,2001-01-01,2026-01-01
1,0x7feb477600a03fd6ab1fe451cb3c7836a420f4ad,White Sands Parcel Pass,2001-01-01,2026-01-01
1,0xbe6e3669464e7db1e1528212f0bff5039461cb82,Wicked Apes,2001-01-01,2026-01-01
1,0x7a63d17f5a59bca04b6702f461b1f1a1c59b100b,Winds of Yawanawa by Yawanawa and Refik Anadol,2001-01-01,2026-01-01
1,0xc8bcbe0e8ae36d8f9238cd320ef6de88784b1734,WinterBears,2001-01-01,2026-01-01
1,0x999e88075692bcee3dbc07e7e64cd32f39a1d3ab,Wizards & Dragons Game,2001-01-01,2026-01-01
1,0xeb834ae72b30866af20a6ce5440fa598bfad3a42,Wolf Game,2001-01-01,2026-01-01
1,0x7f36182dee28c45de6072a34d29855bae76dbe2f,Wolf Game,2001-01-01,2026-01-01
1,0x8dcb8b2d721c022552d826f8bcf2995747248d31,Women Ape Yacht Club,2001-01-01,2026-01-01
1,0x7f7685b4cc34bd19e2b712d8a89f34d219e76c35,Women Rise,2001-01-01,2026-01-01
1,0x916fb29aa1a560c4540401b30c8199611d3a1809,Women Tribe NFT,2001-01-01,2026-01-01
1,0x338866f8ba75bb9d7a00502e11b099a2636c2c18,Women and Weapons,2001-01-01,2026-01-01
1,0x5ff0a71977584d9cbe5d5f56e9843cd672672ddd,Women of Crypto,2001-01-01,2026-01-01
1,0x3acce66cd37518a6d77d9ea3039e00b3a2955460,WonderPals,2001-01-01,2026-01-01
1,0x518ba36f1ca6dfe3bb1b098b8dd0444030e79d9f,Wonky Stonks,2001-01-01,2026-01-01
1,0x134460d32fc66a6d84487c20dcd9fdcf92316017,Woodie,2001-01-01,2026-01-01
1,0xe885d519025348e30174a218be3e3e4754222860,Woodies Mint Passport,2001-01-01,2026-01-01
1,0xb76fbbb30e31f2c3bdaa2466cfb1cfe39b220d06,Wool Pouch,2001-01-01,2026-01-01
1,0xe785e82358879f061bc3dcac6f0444462d4b5330,World Of Women,2001-01-01,2026-01-01
1,0xf61f24c2d93bf2de187546b14425bf631f28d6dc,World of Women Galaxy,2001-01-01,2026-01-01
1,0x7c40c393dc0f283f318791d746d894ddd3693572,Wrapped MoonCatsRescue - Unofficial,2001-01-01,2026-01-01
1,0x050dc61dfb867e0fe3cf2948362b6c0f3faf790b,Wrapped PixelMap,2001-01-01,2026-01-01
1,0x11739d7bd793543a6e83bd7d8601fcbcde04e798,Wrapped Strikers,2001-01-01,2026-01-01
1,0x9712228ceeda1e2ddde52cd5100b88986d1cb49c,Wulfz,2001-01-01,2026-01-01
1,0x534d37c630b7e4d2a6c1e064f3a2632739e9ee04,X Rabbits Club,2001-01-01,2026-01-01
1,0x8ed0e7404675d5c7f5b4f2a829138afcaf53d2ab,X-Consoles,2001-01-01,2026-01-01
1,0xccf3baa603dfddd7c41619fdb8dd0306b11571fe,YOLO Bunny,2001-01-01,2026-01-01
1,0xe0c3707acb7ce96345ef4eaebf4029c0138ca685,YOUR MOMS HOUSE,2001-01-01,2026-01-01
1,0x454cbc099079dc38b145e37e982e524af3279c44,Yakuza Cats Society,2001-01-01,2026-01-01
1,0x35b0ecc952cef736c12a7ef3a830f438f67912b3,Yokai Kingdom,2001-01-01,2026-01-01
1,0x3e6046b4d127179f0a421f3148b43cf52c08fc41,You by BFF,2001-01-01,2026-01-01
1,0xc5ae96ef99832e0cb8409877f47fbfed97004b79,Yung Ape Squad,2001-01-01,2026-01-01
1,0xf64e6fb725f04042b5197e2529b84be4a925902c,ZenAcademy,2001-01-01,2026-01-01
1,0x838804a3dd7c717396a68f94e736eaf76b911632,ZenApe,2001-01-01,2026-01-01
1,0xc2e9678a71e50e5aed036e00e9c5caeb1ac5987d,Zero Name Service,2001-01-01,2026-01-01
1,0x35e1402fa69c60851ea8b86f04d823ff41796a51,ZodiacCapsule,2001-01-01,2026-01-01
1,0x9c80777cae192e5031c38a0d951c55730ecc3f5e,ZombieClub Token,2001-01-01,2026-01-01
1,0x1710d860034b50177d793e16945b6a25c7d92476,ZombieToadz,2001-01-01,2026-01-01
1,0xce141c45619e9adbdbdda5af19b3052ff79d5663,ZooFrenzToken,2001-01-01,2026-01-01
1,0x33c6eec1723b12c46732f7ab41398de45641fa42,[ Ledger ] Market Pass - Genesis Edition,2001-01-01,2026-01-01
1,0x77372a4cc66063575b05b44481f059be356964a4,a KID called BEAST,2001-01-01,2026-01-01
1,0x28472a58a490c5e09a238847f66a68a47cc76f0f,adidas Originals: Into the Metaverse,2001-01-01,2026-01-01
1,0x123b30e25973fecd8354dd5f41cc45a3065ef88c,alien frens,2001-01-01,2026-01-01
1,0x9bf252f97891b907f002f2887eff9246e3054080,apekidsclub,2001-01-01,2026-01-01
1,0xce25e60a89f200b1fa40f6c313047ffe386992c3,dotdotdot,2001-01-01,2026-01-01
1,0xe5af63234f93afd72a8b9114803e33f6d9766956,fRiENDSiES,2001-01-01,2026-01-01
1,0x91680cf5f9071cafae21b90ebf2c9cc9e480fb93,frankfrank,2001-01-01,2026-01-01
1,0x22d4c35a4f2b229a928b1b569b2f60225976426a,froyo kittens,2001-01-01,2026-01-01
1,0xbce3781ae7ca1a5e050bd9c4c77369867ebc307e,goblintown.wtf,2001-01-01,2026-01-01
1,0x8c6def540b83471664edc6d5cf75883986932674,goblintown.wtf,2001-01-01,2026-01-01
1,0x5be99338289909d6dbbc57bb791140ef85ccbcab,hausphases,2001-01-01,2026-01-01
1,0x9f9b2b8e268d06dc67f0f76627654b80e219e1d6,ill poop it nft,2001-01-01,2026-01-01
1,0x8ee5dd62a654a60f6f17a99d544102f37b58da26,illogics,2001-01-01,2026-01-01
1,0x94638cbf3c54c1f956a5f05cbc0f9afb6822020d,inbetweeners,2001-01-01,2026-01-01
1,0x026224a2940bfe258d0dbe947919b62fe321f042,lobsterdao,2001-01-01,2026-01-01
1,0x1d20a51f088492a0f1c57f047a9e30c9ab5c07ea,loomlocknft,2001-01-01,2026-01-01
1,0xc5b52253f5225835cc81c52cdb3d6a22bc3b0c93,mcgoblin.wtf,2001-01-01,2026-01-01
1,0x79fcdef22feed20eddacbb2587640e45491b757f,mfer,2001-01-01,2026-01-01
1,0x05a46f1e545526fb803ff974c790acea34d1f2d6,n,2001-01-01,2026-01-01
1,0x17b8ef727a48c47a3dd545435fdaba9194cf3899,nbayc,2001-01-01,2026-01-01
1,0x925f7eb0fe634702049a1344119d4046965b5c8c,notBanksyEchoes,2001-01-01,2026-01-01
1,0xb852c6b5892256c264cc2c888ea462189154d8d7,rektguy,2001-01-01,2026-01-01
1,0xc6ec80029cd2aa4b0021ceb11248c07b25d2de34,the littles NFT,2001-01-01,2026-01-01
1,0xd9b78a2f1dafc8bb9c60961790d2beefebee56f4,tiny dinos (eth),2001-01-01,2026-01-01
1,0xca7ca7bcc765f77339be2d648ba53ce9c8a262bd,tubby cats by tubby collective,2001-01-01,2026-01-01
1,0xf75140376d246d8b1e5b8a48e3f00772468b3c0c,uwucrew,2001-01-01,2026-01-01
1,0xa604060890923ff400e8c6f5290461a83aedacec,,2001-01-01,2026-01-01
1,0xab00000000002ade39f58f9d8278a31574ffbe77,,2001-01-01,2026-01-01
1,0x99e0da09619c685b1178d15ff519f2ec69dd2010,,2001-01-01,2026-01-01
1,0xd9988e043739afe86205ca6f8df50546ceee7684,,2001-01-01,2026-01-01
1,0x9eb6e2025b64f340691e424b7fe7022ffde12438,,2001-01-01,2026-01-01
137,0x8634666ba15ada4bbc83b9dbf285f73d9e46e4c2,Chicken Derby,2001-01-01,2026-01-01
137,0x5492ef6aeeba1a3896357359ef039a8b11621b45,Chumbi,2001-01-01,2026-01-01
137,0xdc0479cc5bba033b3e7de9f178607150b3abce1f,Crypto Unicorns,2001-01-01,2026-01-01
137,0x9d77cb4d8371736e2a2b2bfaa677b7841cdc8fc1,DeRace Horses,2001-01-01,2026-01-01
137,0x9d305a42a3975ee4c1c57555bed5919889dce63f,Sandboxs LANDs,2001-01-01,2026-01-01
137,0x09aa1a14e572e6fc05f64e541699d3e0361c7f2f,The Mars - Martians,2001-01-01,2026-01-01
137,0xa2a13ce1824f3916fc84c65e559391fc6674e6e8,Unicorn Farm,2001-01-01,2026-01-01
137,0xa5f1ea7df861952863df2e8d1312f7305dabf215,ZED Horse,2001-01-01,2026-01-01
137,0x2953399124f0cbb46d2cbacd8a89cf0599974963,,2001-01-01,2026-01-01
137,0xa4f709db1f2b5f78d5f44ea5f30e430193b532c3,,2001-01-01,2026-01-01
137,0x24a11e702cd90f034ea44faf1e180c0c654ac5d9,,2001-01-01,2026-01-01
137,0x99a558bdbde247c2b2716f0d4cfb0e246dfb697d,,2001-01-01,2026-01-01
137,0x670fd103b1a08628e9557cd66b87ded841115190,,2001-01-01,2026-01-01
137,0x7888d293cd4544d7bc8e4ad5773b7d7083f594fe,,2001-01-01,2026-01-01
137,0xcf1a0fe9781e4afa07ee0dabd6762c7bb73d7c27,,2001-01-01,2026-01-01
